StartDate,EndDate,Status,IPAddress,Progress,Duration (in seconds),Finished,RecordedDate,ResponseId,RecipientLastName,RecipientFirstName,RecipientEmail,ExternalReference,LocationLatitude,LocationLongitude,DistributionChannel,UserLanguage,Q1,Q2,Q3,Q4,Q5,Q6,Q7_1,Q7_2,Q7_3,Q7_4,Q7_5,Q7_6,Q7_7,Q8_1,Q8_2,Q8_3,Q8_4,Q8_5,Q8_6,Q9_1,Q9_2,Q9_3,Q9_4,Q9_5,Q9_6,Q10_1,Q10_2,Q10_3,Q10_4,Q10_5,Q10_6,Q10_7,QID20_1,QID20_2,QID20_3,QID20_4,QID20_5,QID20_6,QID20_7,QID22_1,QID22_2,QID22_3,QID22_4,QID22_5,QID22_6,QID22_7,QID22_8,QID25_1,QID25_2,QID25_3,QID25_4,QID25_5,QID25_6,QID25_7,QID25_8,QID27_1,QID27_2,QID27_3,QID27_4,QID27_5,QID27_6,QID27_7,QID27_8,Q24_1,Q24_2,Q24_3,Q24_4,Q24_5,Q24_6,Q24_7,Q24_8,Q24_9,Q24_10,Q24_11,Q24_12,Q24_13,Q24_14,Q24_15,Q24_16,Q24_17,Q24_18,Q24_19,Q24_20,Q24_21,Q24_22,Q24_23,Q24_24,Q24_25,Q24_26,Q24_27,Q24_28,Q24_29,Q24_30,QID31,PROLIFIC_PID
Start Date,End Date,Response Type,IP Address,Progress,Duration (in seconds),Finished,Recorded Date,Response ID,Recipient Last Name,Recipient First Name,Recipient Email,External Data Reference,Location Latitude,Location Longitude,Distribution Channel,User Language,How old are you?,What is your gender?,What is the highest level of education you have completed?,How would you describe your race/ethnicity?,What is your current employment status?,What is your total annual household income before taxes?,"Section 1 (1 of 4 pages) 



Please read both text ads for iPhone and answer the following questions:









Please give a higher score if you agree with each of the following statements and a lower score if you disagree.



For clarity, please choose a score preferably 49 or below for disagreement or 51 or above for agreement. 
While selecting 50 (neutral) is allowed, clearer positions are appreciated. - The tone of Ad B fits better with who I am.","Section 1 (1 of 4 pages) 



Please read both text ads for iPhone and answer the following questions:









Please give a higher score if you agree with each of the following statements and a lower score if you disagree.



For clarity, please choose a score preferably 49 or below for disagreement or 51 or above for agreement. 
While selecting 50 (neutral) is allowed, clearer positions are appreciated. - Overall, I find Ad B more believable and trustworthy.","Section 1 (1 of 4 pages) 



Please read both text ads for iPhone and answer the following questions:









Please give a higher score if you agree with each of the following statements and a lower score if you disagree.



For clarity, please choose a score preferably 49 or below for disagreement or 51 or above for agreement. 
While selecting 50 (neutral) is allowed, clearer positions are appreciated. - Overall, I like Ad B better.","Section 1 (1 of 4 pages) 



Please read both text ads for iPhone and answer the following questions:









Please give a higher score if you agree with each of the following statements and a lower score if you disagree.



For clarity, please choose a score preferably 49 or below for disagreement or 51 or above for agreement. 
While selecting 50 (neutral) is allowed, clearer positions are appreciated. - Ad B is more persuasive","Section 1 (1 of 4 pages) 



Please read both text ads for iPhone and answer the following questions:









Please give a higher score if you agree with each of the following statements and a lower score if you disagree.



For clarity, please choose a score preferably 49 or below for disagreement or 51 or above for agreement. 
While selecting 50 (neutral) is allowed, clearer positions are appreciated. - Ad B has made me more interested in the product.","Section 1 (1 of 4 pages) 



Please read both text ads for iPhone and answer the following questions:









Please give a higher score if you agree with each of the following statements and a lower score if you disagree.



For clarity, please choose a score preferably 49 or below for disagreement or 51 or above for agreement. 
While selecting 50 (neutral) is allowed, clearer positions are appreciated. - I am more likely to click on Ad B.","Section 1 (1 of 4 pages) 



Please read both text ads for iPhone and answer the following questions:









Please give a higher score if you agree with each of the following statements and a lower score if you disagree.



For clarity, please choose a score preferably 49 or below for disagreement or 51 or above for agreement. 
While selecting 50 (neutral) is allowed, clearer positions are appreciated. - Please set the slider to 0.","Section 1 (2 of 4 pages)



 Please read both text ads for iPhone and answer the following questions:









Please give a higher score if you agree with each of the following statements and a lower score if you disagree.

 

For clarity, please choose a score preferably 49 or below for disagreement or 51 or above for agreement.

While selecting 50 (neutral) is allowed, clearer positions are appreciated. - The tone of Ad B fits better with who I am.","Section 1 (2 of 4 pages)



 Please read both text ads for iPhone and answer the following questions:









Please give a higher score if you agree with each of the following statements and a lower score if you disagree.

 

For clarity, please choose a score preferably 49 or below for disagreement or 51 or above for agreement.

While selecting 50 (neutral) is allowed, clearer positions are appreciated. - Overall, I find Ad B more believable and trustworthy.","Section 1 (2 of 4 pages)



 Please read both text ads for iPhone and answer the following questions:









Please give a higher score if you agree with each of the following statements and a lower score if you disagree.

 

For clarity, please choose a score preferably 49 or below for disagreement or 51 or above for agreement.

While selecting 50 (neutral) is allowed, clearer positions are appreciated. - Overall, I like Ad B better.","Section 1 (2 of 4 pages)



 Please read both text ads for iPhone and answer the following questions:









Please give a higher score if you agree with each of the following statements and a lower score if you disagree.

 

For clarity, please choose a score preferably 49 or below for disagreement or 51 or above for agreement.

While selecting 50 (neutral) is allowed, clearer positions are appreciated. - Ad B is more persuasive","Section 1 (2 of 4 pages)



 Please read both text ads for iPhone and answer the following questions:









Please give a higher score if you agree with each of the following statements and a lower score if you disagree.

 

For clarity, please choose a score preferably 49 or below for disagreement or 51 or above for agreement.

While selecting 50 (neutral) is allowed, clearer positions are appreciated. - Ad B has made me more interested in the product.","Section 1 (2 of 4 pages)



 Please read both text ads for iPhone and answer the following questions:









Please give a higher score if you agree with each of the following statements and a lower score if you disagree.

 

For clarity, please choose a score preferably 49 or below for disagreement or 51 or above for agreement.

While selecting 50 (neutral) is allowed, clearer positions are appreciated. - I am more likely to click on Ad B.","Section 1 (3 of 4 pages) 



Please read both text ads for iPhone and answer the following questions:









Please give a higher score if you agree with each of the following statements and a lower score if you disagree.



For clarity, please choose a score preferably 49 or below for disagreement or 51 or above for agreement.

While selecting 50 (neutral) is allowed, clearer positions are appreciated. - The tone of Ad B fits better with who I am.","Section 1 (3 of 4 pages) 



Please read both text ads for iPhone and answer the following questions:









Please give a higher score if you agree with each of the following statements and a lower score if you disagree.



For clarity, please choose a score preferably 49 or below for disagreement or 51 or above for agreement.

While selecting 50 (neutral) is allowed, clearer positions are appreciated. - Overall, I find Ad B more believable and trustworthy.","Section 1 (3 of 4 pages) 



Please read both text ads for iPhone and answer the following questions:









Please give a higher score if you agree with each of the following statements and a lower score if you disagree.



For clarity, please choose a score preferably 49 or below for disagreement or 51 or above for agreement.

While selecting 50 (neutral) is allowed, clearer positions are appreciated. - Overall, I like Ad B better.","Section 1 (3 of 4 pages) 



Please read both text ads for iPhone and answer the following questions:









Please give a higher score if you agree with each of the following statements and a lower score if you disagree.



For clarity, please choose a score preferably 49 or below for disagreement or 51 or above for agreement.

While selecting 50 (neutral) is allowed, clearer positions are appreciated. - Ad B is more persuasive","Section 1 (3 of 4 pages) 



Please read both text ads for iPhone and answer the following questions:









Please give a higher score if you agree with each of the following statements and a lower score if you disagree.



For clarity, please choose a score preferably 49 or below for disagreement or 51 or above for agreement.

While selecting 50 (neutral) is allowed, clearer positions are appreciated. - Ad B has made me more interested in the product.","Section 1 (3 of 4 pages) 



Please read both text ads for iPhone and answer the following questions:









Please give a higher score if you agree with each of the following statements and a lower score if you disagree.



For clarity, please choose a score preferably 49 or below for disagreement or 51 or above for agreement.

While selecting 50 (neutral) is allowed, clearer positions are appreciated. - I am more likely to click on Ad B.","Section 1 (4 of 4 pages) 



Please read both text ads for iPhone and answer the following questions:









Please give a higher score if you agree with each of the following statements and a lower score if you disagree.



For clarity, please choose a score preferably 49 or below for disagreement or 51 or above for agreement.

While selecting 50 (neutral) is allowed, clearer positions are appreciated. - The tone of Ad B fits better with who I am.","Section 1 (4 of 4 pages) 



Please read both text ads for iPhone and answer the following questions:









Please give a higher score if you agree with each of the following statements and a lower score if you disagree.



For clarity, please choose a score preferably 49 or below for disagreement or 51 or above for agreement.

While selecting 50 (neutral) is allowed, clearer positions are appreciated. - Overall, I find Ad B more believable and trustworthy.","Section 1 (4 of 4 pages) 



Please read both text ads for iPhone and answer the following questions:









Please give a higher score if you agree with each of the following statements and a lower score if you disagree.



For clarity, please choose a score preferably 49 or below for disagreement or 51 or above for agreement.

While selecting 50 (neutral) is allowed, clearer positions are appreciated. - Overall, I like Ad B better.","Section 1 (4 of 4 pages) 



Please read both text ads for iPhone and answer the following questions:









Please give a higher score if you agree with each of the following statements and a lower score if you disagree.



For clarity, please choose a score preferably 49 or below for disagreement or 51 or above for agreement.

While selecting 50 (neutral) is allowed, clearer positions are appreciated. - Ad B is more persuasive","Section 1 (4 of 4 pages) 



Please read both text ads for iPhone and answer the following questions:









Please give a higher score if you agree with each of the following statements and a lower score if you disagree.



For clarity, please choose a score preferably 49 or below for disagreement or 51 or above for agreement.

While selecting 50 (neutral) is allowed, clearer positions are appreciated. - Ad B has made me more interested in the product.","Section 1 (4 of 4 pages) 



Please read both text ads for iPhone and answer the following questions:









Please give a higher score if you agree with each of the following statements and a lower score if you disagree.



For clarity, please choose a score preferably 49 or below for disagreement or 51 or above for agreement.

While selecting 50 (neutral) is allowed, clearer positions are appreciated. - I am more likely to click on Ad B.","Section 1 (4 of 4 pages) 



Please read both text ads for iPhone and answer the following questions:









Please give a higher score if you agree with each of the following statements and a lower score if you disagree.



For clarity, please choose a score preferably 49 or below for disagreement or 51 or above for agreement.

While selecting 50 (neutral) is allowed, clearer positions are appreciated. - Please set the slider to 100.","Please give a higher score if you agree with each of the following statements and a lower score if you disagree.



For clarity, please choose a score preferably 49 or below for disagreement or 51 or above for agreement.

​​​​​​​While selecting 50 (neutral) is allowed, clearer positions are appreciated. - The tone of Conversation B fits better with who I am.","Please give a higher score if you agree with each of the following statements and a lower score if you disagree.



For clarity, please choose a score preferably 49 or below for disagreement or 51 or above for agreement.

​​​​​​​While selecting 50 (neutral) is allowed, clearer positions are appreciated. - conversation B made me feel the agent was more reliable.","Please give a higher score if you agree with each of the following statements and a lower score if you disagree.



For clarity, please choose a score preferably 49 or below for disagreement or 51 or above for agreement.

​​​​​​​While selecting 50 (neutral) is allowed, clearer positions are appreciated. - Conversation B made me feel the agent was more concerned about my needs.","Please give a higher score if you agree with each of the following statements and a lower score if you disagree.



For clarity, please choose a score preferably 49 or below for disagreement or 51 or above for agreement.

​​​​​​​While selecting 50 (neutral) is allowed, clearer positions are appreciated. - Overall,  I am more likely to be satisfied with the agent's responses in Conversation B.","Please give a higher score if you agree with each of the following statements and a lower score if you disagree.



For clarity, please choose a score preferably 49 or below for disagreement or 51 or above for agreement.

​​​​​​​While selecting 50 (neutral) is allowed, clearer positions are appreciated. - Conversation B made me feel more positive emotions (e.g., happiness, enthusiasm).","Please give a higher score if you agree with each of the following statements and a lower score if you disagree.



For clarity, please choose a score preferably 49 or below for disagreement or 51 or above for agreement.

​​​​​​​While selecting 50 (neutral) is allowed, clearer positions are appreciated. - Conversation B made me want to continue the interaction longer.","Please give a higher score if you agree with each of the following statements and a lower score if you disagree.



For clarity, please choose a score preferably 49 or below for disagreement or 51 or above for agreement.

​​​​​​​While selecting 50 (neutral) is allowed, clearer positions are appreciated. - Conversation B increased my willingness to use the chat service in the future more.","Please give a higher score if you agree with each of the following statements and a lower score if you disagree.



For clarity, please choose a score preferably 49 or below for disagreement or 51 or above for agreement.

​​​​​​​While selecting 50 (neutral) is allowed, clearer positions are appreciated. - The tone of Conversation B fits better with who I am.","Please give a higher score if you agree with each of the following statements and a lower score if you disagree.



For clarity, please choose a score preferably 49 or below for disagreement or 51 or above for agreement.

​​​​​​​While selecting 50 (neutral) is allowed, clearer positions are appreciated. - conversation B made me feel the agent was more reliable.","Please give a higher score if you agree with each of the following statements and a lower score if you disagree.



For clarity, please choose a score preferably 49 or below for disagreement or 51 or above for agreement.

​​​​​​​While selecting 50 (neutral) is allowed, clearer positions are appreciated. - Conversation B made me feel the agent was more concerned about my needs.","Please give a higher score if you agree with each of the following statements and a lower score if you disagree.



For clarity, please choose a score preferably 49 or below for disagreement or 51 or above for agreement.

​​​​​​​While selecting 50 (neutral) is allowed, clearer positions are appreciated. - Overall,  I am more likely to be satisfied with the agent's responses in Conversation B.","Please give a higher score if you agree with each of the following statements and a lower score if you disagree.



For clarity, please choose a score preferably 49 or below for disagreement or 51 or above for agreement.

​​​​​​​While selecting 50 (neutral) is allowed, clearer positions are appreciated. - Conversation B made me feel more positive emotions (e.g., happiness, enthusiasm).","Please give a higher score if you agree with each of the following statements and a lower score if you disagree.



For clarity, please choose a score preferably 49 or below for disagreement or 51 or above for agreement.

​​​​​​​While selecting 50 (neutral) is allowed, clearer positions are appreciated. - Conversation B made me want to continue the interaction longer.","Please give a higher score if you agree with each of the following statements and a lower score if you disagree.



For clarity, please choose a score preferably 49 or below for disagreement or 51 or above for agreement.

​​​​​​​While selecting 50 (neutral) is allowed, clearer positions are appreciated. - Conversation B increased my willingness to use the chat service in the future more.","Please give a higher score if you agree with each of the following statements and a lower score if you disagree.



For clarity, please choose a score preferably 49 or below for disagreement or 51 or above for agreement.

​​​​​​​While selecting 50 (neutral) is allowed, clearer positions are appreciated. - Please set a slider to 100.","Please give a higher score if you agree with each of the following statements and a lower score if you disagree.



For clarity, please choose a score preferably 49 or below for disagreement or 51 or above for agreement.

While selecting 50 (neutral) is allowed, clearer positions are appreciated. - The tone of Conversation B fits better with who I am.","Please give a higher score if you agree with each of the following statements and a lower score if you disagree.



For clarity, please choose a score preferably 49 or below for disagreement or 51 or above for agreement.

While selecting 50 (neutral) is allowed, clearer positions are appreciated. - conversation B made me feel the agent was more reliable.","Please give a higher score if you agree with each of the following statements and a lower score if you disagree.



For clarity, please choose a score preferably 49 or below for disagreement or 51 or above for agreement.

While selecting 50 (neutral) is allowed, clearer positions are appreciated. - Conversation B made me feel the agent was more concerned about my needs.","Please give a higher score if you agree with each of the following statements and a lower score if you disagree.



For clarity, please choose a score preferably 49 or below for disagreement or 51 or above for agreement.

While selecting 50 (neutral) is allowed, clearer positions are appreciated. - Overall,  I am more likely to be satisfied with the agent's responses in Conversation B.","Please give a higher score if you agree with each of the following statements and a lower score if you disagree.



For clarity, please choose a score preferably 49 or below for disagreement or 51 or above for agreement.

While selecting 50 (neutral) is allowed, clearer positions are appreciated. - Conversation B made me feel more positive emotions (e.g., happiness, enthusiasm).","Please give a higher score if you agree with each of the following statements and a lower score if you disagree.



For clarity, please choose a score preferably 49 or below for disagreement or 51 or above for agreement.

While selecting 50 (neutral) is allowed, clearer positions are appreciated. - Conversation B made me want to continue the interaction longer.","Please give a higher score if you agree with each of the following statements and a lower score if you disagree.



For clarity, please choose a score preferably 49 or below for disagreement or 51 or above for agreement.

While selecting 50 (neutral) is allowed, clearer positions are appreciated. - Conversation B increased my willingness to use the chat service in the future more.","Please give a higher score if you agree with each of the following statements and a lower score if you disagree.



For clarity, please choose a score preferably 49 or below for disagreement or 51 or above for agreement.

While selecting 50 (neutral) is allowed, clearer positions are appreciated. - Please set a slider to 0.","Please give a higher score if you agree with each of the following statements and a lower score if you disagree.



For clarity, please choose a score preferably 49 or below for disagreement or 51 or above for agreement.

While selecting 50 (neutral) is allowed, clearer positions are appreciated. - The tone of Conversation B fits better with who I am.","Please give a higher score if you agree with each of the following statements and a lower score if you disagree.



For clarity, please choose a score preferably 49 or below for disagreement or 51 or above for agreement.

While selecting 50 (neutral) is allowed, clearer positions are appreciated. - conversation B made me feel the agent was more reliable.","Please give a higher score if you agree with each of the following statements and a lower score if you disagree.



For clarity, please choose a score preferably 49 or below for disagreement or 51 or above for agreement.

While selecting 50 (neutral) is allowed, clearer positions are appreciated. - Conversation B made me feel the agent was more concerned about my needs.","Please give a higher score if you agree with each of the following statements and a lower score if you disagree.



For clarity, please choose a score preferably 49 or below for disagreement or 51 or above for agreement.

While selecting 50 (neutral) is allowed, clearer positions are appreciated. - Overall,  I am more likely to be satisfied with the agent's responses in Conversation B.","Please give a higher score if you agree with each of the following statements and a lower score if you disagree.



For clarity, please choose a score preferably 49 or below for disagreement or 51 or above for agreement.

While selecting 50 (neutral) is allowed, clearer positions are appreciated. - Conversation B made me feel more positive emotions (e.g., happiness, enthusiasm).","Please give a higher score if you agree with each of the following statements and a lower score if you disagree.



For clarity, please choose a score preferably 49 or below for disagreement or 51 or above for agreement.

While selecting 50 (neutral) is allowed, clearer positions are appreciated. - Conversation B made me want to continue the interaction longer.","Please give a higher score if you agree with each of the following statements and a lower score if you disagree.



For clarity, please choose a score preferably 49 or below for disagreement or 51 or above for agreement.

While selecting 50 (neutral) is allowed, clearer positions are appreciated. - Conversation B increased my willingness to use the chat service in the future more.","Please give a higher score if you agree with each of the following statements and a lower score if you disagree.



For clarity, please choose a score preferably 49 or below for disagreement or 51 or above for agreement.

While selecting 50 (neutral) is allowed, clearer positions are appreciated. - Please set a slider to 0.",Please select the option that best describes your agreement with each statement: - Tends to be quiet.,"Please select the option that best describes your agreement with each statement: - Is compassionate, has a soft heart.",Please select the option that best describes your agreement with each statement: - Tends to be disorganized.,Please select the option that best describes your agreement with each statement: - Worries a lot.,"Please select the option that best describes your agreement with each statement: - Is fascinated by art, music, or literature.","Please select the option that best describes your agreement with each statement: - Is dominant, acts as a leader.",Please select the option that best describes your agreement with each statement: - Is sometimes rude to others.,Please select the option that best describes your agreement with each statement: - Has difficulty getting started on tasks.,"Please select the option that best describes your agreement with each statement: - Tends to feel depressed, blue.",Please select the option that best describes your agreement with each statement: - Has little interest in abstract ideas.,Please select the option that best describes your agreement with each statement: - Is full of energy.,Please select the option that best describes your agreement with each statement: - Assumes the best about people.,"Please select the option that best describes your agreement with each statement: - Is reliable, can always be counted on.","Please select the option that best describes your agreement with each statement: - Is emotionally stable, not easily upset.","Please select the option that best describes your agreement with each statement: - Is original, comes up with new ideas.","Please select the option that best describes your agreement with each statement: - Is outgoing, sociable.",Please select the option that best describes your agreement with each statement: - Can be cold and uncaring.,Please select the option that best describes your agreement with each statement: - Keeps things neat and tidy.,"Please select the option that best describes your agreement with each statement: - Is relaxed, handles stress well.",Please select the option that best describes your agreement with each statement: - Has few artistic interests.,Please select the option that best describes your agreement with each statement: - Prefers to have others take charge.,"Please select the option that best describes your agreement with each statement: - Is respectful, treats others with respect.","Please select the option that best describes your agreement with each statement: - Is persistent, works until the task is finished.","Please select the option that best describes your agreement with each statement: - Feels secure, comfortable with self.","Please select the option that best describes your agreement with each statement: - Is complex, a deep thinker.",Please select the option that best describes your agreement with each statement: - Is less active than other people.,Please select the option that best describes your agreement with each statement: - Tends to find fault with others.,Please select the option that best describes your agreement with each statement: - Can be somewhat careless.,"Please select the option that best describes your agreement with each statement: - Is temperamental, gets emotional easily.",Please select the option that best describes your agreement with each statement: - Has little creativity.,"We may ask for your cooperation in a follow-up survey.
It will be similar but shorter, and will not include personality assessment questions like in Section 3.
Are you willing to participate and receive an invitation for the follow-up survey?",PROLIFIC_PID
"{""ImportId"":""startDate"",""timeZone"":""Europe/Berlin""}","{""ImportId"":""endDate"",""timeZone"":""Europe/Berlin""}","{""ImportId"":""status""}","{""ImportId"":""ipAddress""}","{""ImportId"":""progress""}","{""ImportId"":""duration""}","{""ImportId"":""finished""}","{""ImportId"":""recordedDate"",""timeZone"":""Europe/Berlin""}","{""ImportId"":""_recordId""}","{""ImportId"":""recipientLastName""}","{""ImportId"":""recipientFirstName""}","{""ImportId"":""recipientEmail""}","{""ImportId"":""externalDataReference""}","{""ImportId"":""locationLatitude""}","{""ImportId"":""locationLongitude""}","{""ImportId"":""distributionChannel""}","{""ImportId"":""userLanguage""}","{""ImportId"":""QID5_TEXT""}","{""ImportId"":""QID4""}","{""ImportId"":""QID3""}","{""ImportId"":""QID6""}","{""ImportId"":""QID7""}","{""ImportId"":""QID8""}","{""ImportId"":""QID9_1""}","{""ImportId"":""QID9_2""}","{""ImportId"":""QID9_3""}","{""ImportId"":""QID9_4""}","{""ImportId"":""QID9_5""}","{""ImportId"":""QID9_6""}","{""ImportId"":""QID9_7""}","{""ImportId"":""QID11_1""}","{""ImportId"":""QID11_2""}","{""ImportId"":""QID11_3""}","{""ImportId"":""QID11_4""}","{""ImportId"":""QID11_5""}","{""ImportId"":""QID11_6""}","{""ImportId"":""QID13_1""}","{""ImportId"":""QID13_2""}","{""ImportId"":""QID13_3""}","{""ImportId"":""QID13_4""}","{""ImportId"":""QID13_5""}","{""ImportId"":""QID13_6""}","{""ImportId"":""QID16_1""}","{""ImportId"":""QID16_2""}","{""ImportId"":""QID16_3""}","{""ImportId"":""QID16_4""}","{""ImportId"":""QID16_5""}","{""ImportId"":""QID16_6""}","{""ImportId"":""QID16_7""}","{""ImportId"":""QID20_1""}","{""ImportId"":""QID20_2""}","{""ImportId"":""QID20_3""}","{""ImportId"":""QID20_4""}","{""ImportId"":""QID20_5""}","{""ImportId"":""QID20_6""}","{""ImportId"":""QID20_7""}","{""ImportId"":""QID22_1""}","{""ImportId"":""QID22_2""}","{""ImportId"":""QID22_3""}","{""ImportId"":""QID22_4""}","{""ImportId"":""QID22_5""}","{""ImportId"":""QID22_6""}","{""ImportId"":""QID22_7""}","{""ImportId"":""QID22_8""}","{""ImportId"":""QID25_1""}","{""ImportId"":""QID25_2""}","{""ImportId"":""QID25_3""}","{""ImportId"":""QID25_4""}","{""ImportId"":""QID25_5""}","{""ImportId"":""QID25_6""}","{""ImportId"":""QID25_7""}","{""ImportId"":""QID25_8""}","{""ImportId"":""QID27_1""}","{""ImportId"":""QID27_2""}","{""ImportId"":""QID27_3""}","{""ImportId"":""QID27_4""}","{""ImportId"":""QID27_5""}","{""ImportId"":""QID27_6""}","{""ImportId"":""QID27_7""}","{""ImportId"":""QID27_8""}","{""ImportId"":""QID29_1""}","{""ImportId"":""QID29_2""}","{""ImportId"":""QID29_3""}","{""ImportId"":""QID29_4""}","{""ImportId"":""QID29_5""}","{""ImportId"":""QID29_6""}","{""ImportId"":""QID29_7""}","{""ImportId"":""QID29_8""}","{""ImportId"":""QID29_9""}","{""ImportId"":""QID29_10""}","{""ImportId"":""QID29_11""}","{""ImportId"":""QID29_12""}","{""ImportId"":""QID29_13""}","{""ImportId"":""QID29_14""}","{""ImportId"":""QID29_15""}","{""ImportId"":""QID29_16""}","{""ImportId"":""QID29_17""}","{""ImportId"":""QID29_18""}","{""ImportId"":""QID29_19""}","{""ImportId"":""QID29_20""}","{""ImportId"":""QID29_21""}","{""ImportId"":""QID29_22""}","{""ImportId"":""QID29_23""}","{""ImportId"":""QID29_24""}","{""ImportId"":""QID29_25""}","{""ImportId"":""QID29_26""}","{""ImportId"":""QID29_27""}","{""ImportId"":""QID29_28""}","{""ImportId"":""QID29_29""}","{""ImportId"":""QID29_30""}","{""ImportId"":""QID31""}","{""ImportId"":""PROLIFIC_PID""}"
2024-05-24 15:39:10,2024-05-24 15:49:09,0,80.144.209.153,100,599,1,2024-05-24 15:49:10,R_2E6nZpBldZeVKit,,,,,48.1543,11.5428,anonymous,EN,31,1,4,4,2,2,30,,45,31,46,47,0,45,,37,47,42,43,37,46,41,43,42,45,55,44,40,41,40,46,100,50,61,66,68,71,64,63,60,63,55,62,63,60,60,100,34,28,32,30,50,39,39,0,38,,,,54,,,0,5,4,4,4,5,2,2,4,4,3,2,3,3,4,2,1,3,3,3,2,3,5,4,4,4,4,3,2,2,3,1,{{%PROLIFIC_PID%}}
2024-05-24 16:24:40,2024-05-24 16:34:38,0,81.77.244.253,100,598,1,2024-05-24 16:34:39,R_8NW9RdPO2XRuIlX,,,,,51.42,-3.2597,anonymous,EN,43,2,5,1,6,10,50,54,50,50,58,51,0,42,54,61,61,64,67,18,50,23,21,15,8,58,50,65,61,52,55,100,65,74,88,85,58,59,59,75,60,76,80,81,79,58,100,60,62,59,62,66,73,60,0,71,72,80,80,82,83,79,0,4,4,3,5,4,2,2,3,3,2,3,2,5,3,3,2,3,3,2,3,4,4,4,3,5,4,3,3,4,2,1,5e49c48fac17f4000c1bfcbc
2024-05-24 16:29:15,2024-05-24 16:35:25,0,94.175.19.137,100,370,1,2024-05-24 16:35:26,R_8N2F5a8v46UxwtL,,,,,51.11,-0.1788,anonymous,EN,22,1,4,1,2,1,20,15,30,25,30,15,0,75,80,79,90,77,85,80,85,97,89,82,100,73,73,83,71,74,90,100,95,84,100,100,100,90,100,88,98,97,91,97,86,86,100,86,88,100,100,96,100,80,0,98,100,97,97,100,95,94,0,4,4,2,3,2,4,2,2,2,1,3,4,4,4,4,3,2,3,4,3,2,4,4,4,5,1,3,2,2,2,1,5f38251e3cec500d267efb92
2024-05-24 16:29:02,2024-05-24 16:35:46,0,81.129.233.176,100,403,1,2024-05-24 16:35:46,R_2pvatYz7KIb43Pb,,,,,58.0044,-4.1634,anonymous,EN,58,2,2,1,7,10,1,13,10,11,6,6,0,50,50,39,,50,50,3,4,3,2,4,4,89,93,98,100,100,100,100,70,70,76,81,89,88,51,82,78,85,86,87,83,85,100,,50,50,50,50,50,50,0,84,92,93,94,89,99,97,0,4,4,2,3,2,2,1,1,2,3,3,4,4,4,4,3,1,4,5,3,2,5,5,5,5,2,1,1,2,3,1,5cd043b25b04850017e5d028
2024-05-24 16:28:47,2024-05-24 16:37:00,0,90.200.31.166,100,493,1,2024-05-24 16:37:01,R_2fOYaCJwbQLZ9Hv,,,,,53.0786,-1.2383,anonymous,EN,32,1,4,1,2,2,60,40,60,60,70,70,0,40,40,40,30,30,30,70,70,80,80,80,80,40,20,20,20,40,30,100,60,71,80,71,90,80,75,84,82,83,86,80,82,80,100,75,79,71,77,77,78,76,0,90,85,84,91,91,87,94,0,4,4,3,5,4,2,4,3,5,4,2,1,4,2,4,3,5,4,3,2,4,4,4,4,4,2,5,4,4,2,1,63d37e4ea0985c4dc486ff8e
2024-05-24 16:28:29,2024-05-24 16:37:19,0,86.148.27.214,100,529,1,2024-05-24 16:37:19,R_8HrvhgJEAsa6VI5,,,,,55.4754,-4.6062,anonymous,EN,25,1,2,1,1,5,50,50,50,50,50,50,0,70,50,70,50,50,50,0,0,0,0,0,0,50,50,50,50,50,50,100,70,60,70,100,60,60,60,70,60,60,70,60,60,60,100,70,60,60,70,60,60,60,0,70,60,60,70,60,60,60,0,3,5,4,4,5,1,3,4,4,1,3,3,2,,4,3,1,3,3,1,3,5,2,2,5,4,4,2,3,1,1,6565fff05ec125a5ff77a77c
2024-05-24 16:28:43,2024-05-24 16:37:59,0,92.40.169.84,100,556,1,2024-05-24 16:37:59,R_8Cff0DvZFwY7rKS,,,,,51.4479,-0.1377,anonymous,EN,32,2,2,1,7,9,20,20,20,20,20,20,0,11,11,11,11,12,12,80,78,68,29,77,68,29,28,28,13,14,28,100,79,77,82,82,81,83,84,83,85,84,82,82,82,84,100,86,85,89,89,85,83,86,0,81,83,84,84,86,70,82,0,2,3,2,2,1,4,1,2,1,1,3,4,5,3,3,4,1,4,4,2,2,5,4,3,4,4,2,2,2,2,1,6146eadbe88132805e5e3139
2024-05-24 16:24:26,2024-05-24 16:38:00,0,146.199.134.184,100,814,1,2024-05-24 16:38:01,R_8atVoGmfk2F3U6r,,,,,51.5333,0.7349,anonymous,EN,38,2,5,1,7,5,71,41,93,94,91,92,0,60,69,44,65,58,71,42,,54,70,64,73,40,32,34,21,26,23,100,71,,73,55,82,21,60,62,50,64,79,86,50,70,100,61,,69,73,92,54,73,0,66,53,87,88,93,58,75,0,3,5,5,4,4,2,1,5,4,2,2,4,2,3,5,4,1,2,3,2,4,5,3,3,5,5,3,4,3,1,1,5b987c55bb32a600018302dc
2024-05-24 16:30:58,2024-05-24 16:38:41,0,81.77.245.50,100,463,1,2024-05-24 16:38:42,R_8x1Z4NAnISUaFNf,,,,,51.4469,-3.1836,anonymous,EN,54,1,5,1,7,8,70,50,80,65,70,70,0,50,40,50,50,45,40,50,50,40,40,40,30,40,40,30,30,30,25,100,40,39,31,35,33,29,29,40,40,26,30,29,30,32,100,35,33,32,30,29,29,29,0,35,29,30,32,31,31,30,0,2,3,1,1,5,3,4,2,1,1,4,3,5,5,5,3,2,4,5,1,3,4,4,5,4,1,3,1,1,1,1,5f00b44e836b900755d6da5c
2024-05-24 16:30:55,2024-05-24 16:42:02,0,81.100.155.14,100,666,1,2024-05-24 16:42:02,R_8G19m5u4q59N9de,,,,,51.6144,-0.3368,anonymous,EN,66,2,4,1,3,5,30,47,59,65,60,29,0,19,57,30,29,16,12,19,41,18,36,8,7,81,23,75,73,69,74,100,70,78,82,83,71,83,74,75,64,73,64,71,11,45,100,77,68,69,71,57,5,57,0,78,71,64,54,57,1,54,0,2,4,2,4,4,4,2,4,3,2,4,4,5,3,4,4,2,2,3,3,2,4,4,3,4,2,2,3,3,2,1,60f5569b3a95a18a91dc5d21
2024-05-24 16:32:31,2024-05-24 16:51:17,0,89.241.154.90,100,1126,1,2024-05-24 16:51:18,R_81ozMrCUC4gje0A,,,,,50.7749,-0.711,anonymous,EN,34,1,4,2,5,1,73,74,76,74,76,81,,85,100,80,82,88,0,73,75,84,82,100,84,82,82,87,92,100,93,0,86,85,89,100,100,100,100,100,100,89,100,90,100,100,100,100,87,81,83,91,74,89,0,85,78,96,80,93,100,89,0,4,4,3,2,2,4,3,3,3,3,5,5,4,5,4,4,1,2,3,2,3,4,5,4,3,2,3,2,2,4,1,641c2b936dc70fab01d77dc6
2024-06-14 14:10:53,2024-06-14 14:15:23,0,73.208.67.228,100,269,1,2024-06-14 14:15:24,R_1s7TEeveYlWmw9B,,,,,41.8486,-87.6288,anonymous,EN,36,1,5,1,7,7,75,77,87,85,90,76,0,50,43,45,42,38,39,84,79,87,75,79,77,12,14,32,24,14,9,100,32,26,28,26,31,14,32,21,17,15,19,31,21,23,100,32,30,42,27,33,35,38,0,50,50,50,53,52,34,36,0,2,4,2,4,4,4,2,2,1,1,4,4,5,4,4,5,5,4,4,2,2,4,4,5,4,4,4,2,1,2,1,641357b26802e397b5627d5e
2024-06-14 14:10:12,2024-06-14 14:15:58,0,146.115.234.135,100,345,1,2024-06-14 14:15:58,R_7VJnNI4HXba6v3b,,,,,40.5932,-75.6575,anonymous,EN,48,2,5,1,6,11,30,30,27,45,55,34,0,81,72,81,63,60,85,82,56,81,65,75,86,82,59,74,57,65,79,100,69,55,81,89,78,70,85,82,62,80,91,76,71,89,100,74,66,84,78,76,67,90,0,71,70,64,77,70,66,75,0,2,5,1,2,2,5,4,2,2,4,3,4,5,4,4,5,4,5,4,4,2,4,5,5,5,2,4,2,2,2,1,66294a585f1cf3fdaeb80120
2024-06-14 14:11:52,2024-06-14 14:16:10,0,172.59.219.46,100,257,1,2024-06-14 14:16:10,R_5EoY0hbZXttcosZ,,,,,35.2227,-80.7938,anonymous,EN,41,2,4,1,5,5,54,45,54,56,56,54,0,45,48,45,47,47,47,48,48,47,54,54,55,43,42,46,45,45,45,100,59,58,55,56,56,55,57,61,64,60,60,63,54,54,100,58,53,53,62,67,62,55,0,57,54,55,64,70,55,54,0,3,4,3,5,5,3,3,4,4,2,3,3,4,2,4,3,3,2,2,2,3,4,4,3,4,2,3,3,4,2,1,661571d6cc16ee34676734df
2024-06-14 14:10:44,2024-06-14 14:16:24,0,76.177.146.185,100,339,1,2024-06-14 14:16:24,R_3KvdtRIWNJ4bk2W,,,,,37.9643,-84.4703,anonymous,EN,48,2,2,1,1,9,63,65,63,64,59,62,0,35,34,36,37,38,39,60,58,58,59,58,59,41,41,39,38,38,39,100,59,60,61,58,58,60,61,62,58,60,60,59,64,59,100,62,62,59,59,59,56,60,0,58,61,59,62,68,58,61,0,4,5,4,4,4,4,1,4,4,1,4,2,5,4,4,2,1,4,4,2,2,5,4,4,4,4,2,2,2,2,1,6629f95a14b6006e6a4b0aef
2024-06-14 14:11:44,2024-06-14 14:16:29,0,76.182.213.158,100,284,1,2024-06-14 14:16:30,R_6hElLwcqA2q2MRA,,,,,33.0176,-96.9926,anonymous,EN,32,2,4,4,5,8,100,71,100,79,100,100,0,40,60,54,50,56,55,0,50,50,50,50,50,100,50,75,87,82,86,100,100,100,100,100,100,50,74,100,81,100,88,100,50,63,100,100,84,100,100,100,50,62,0,100,71,100,100,100,50,62,0,4,5,4,5,5,4,3,4,4,1,3,5,3,2,5,4,4,2,4,1,4,5,3,4,5,2,4,4,4,1,1,66463d8b1984a328f78252d7
2024-06-14 14:09:33,2024-06-14 14:16:31,0,73.34.137.79,100,417,1,2024-06-14 14:16:31,R_64wy3ca0UQm2p2V,,,,,39.489,-104.8298,anonymous,EN,35,2,5,1,6,4,78,47,88,64,85,92,0,58,55,65,68,65,63,33,67,59,66,50,50,69,73,93,68,64,73,100,89,88,98,100,96,50,76,87,80,82,93,94,52,83,100,93,58,77,94,96,50,87,0,85,84,74,84,89,50,86,0,4,4,2,3,5,2,1,4,3,2,3,3,5,5,4,4,1,4,4,1,3,5,5,3,5,1,4,1,2,1,1,5d215a1bbf7f840019701939
2024-06-14 14:09:45,2024-06-14 14:16:35,0,192.161.223.131,100,409,1,2024-06-14 14:16:35,R_6DOMYyOQy9ERt9f,,,,,36.5703,-89.9736,anonymous,EN,28,2,4,3,7,5,74,30,46,55,23,23,0,71,26,22,19,55,23,70,78,28,21,29,17,57,45,45,40,36,32,100,74,74,77,77,96,18,58,52,85,76,77,55,42,69,100,59,69,93,68,53,34,73,0,69,57,60,65,53,38,60,0,4,5,4,5,5,2,4,3,5,1,3,4,5,4,5,4,4,5,3,4,2,5,5,4,4,4,4,3,4,1,1,6660680acd027329cecdf2b8
2024-06-14 14:12:24,2024-06-14 14:17:09,0,107.119.41.84,100,285,1,2024-06-14 14:17:09,R_3NxXF1BqqcgnYJ5,,,,,38.7142,-90.2759,anonymous,EN,43,2,2,1,7,11,83,83,86,93,99,96,0,75,83,95,99,94,90,87,92,90,92,91,90,36,35,24,32,40,33,100,87,88,87,87,88,86,90,84,88,85,87,92,89,91,100,81,77,95,80,83,76,80,0,76,78,79,77,85,77,77,0,3,5,2,4,2,3,2,1,1,1,3,3,4,4,3,4,2,4,4,2,5,5,5,4,3,4,3,3,2,2,1,6601c47dbc5b1b7c9f1b3fde
2024-06-14 14:10:31,2024-06-14 14:17:18,0,99.66.180.77,100,407,1,2024-06-14 14:17:18,R_7P8flwpzp2MzqrQ,,,,,33.2908,-96.9905,anonymous,EN,44,2,4,4,4,10,80,30,26,32,27,32,0,85,80,85,84,84,83,92,87,87,87,81,84,90,82,89,83,86,87,100,83,83,80,85,89,84,81,83,92,90,91,94,89,87,100,100,97,87,91,89,94,88,0,91,93,93,89,89,87,99,0,1,2,1,5,4,3,4,1,4,2,4,2,4,2,3,4,5,4,2,4,2,4,5,5,4,1,4,4,4,3,1,6634e6202da0719ae4ec6455
2024-06-14 14:10:24,2024-06-14 14:17:30,0,174.196.200.3,100,425,1,2024-06-14 14:17:30,R_5oiLuIvP0lSWym8,,,,,42.3973,-71.0372,anonymous,EN,28,1,4,4,7,6,60,75,79,89,78,75,0,54,64,62,65,57,62,37,38,20,30,36,28,63,55,64,63,64,56,100,25,38,31,29,46,31,27,58,58,57,61,60,61,59,100,38,29,39,36,38,38,37,0,13,31,26,23,35,29,39,0,4,4,1,2,5,4,1,2,3,3,4,4,4,4,4,5,3,4,4,5,4,4,4,5,4,1,1,3,2,1,1,661f1144d35ac5240e53ad3f
2024-06-14 14:11:39,2024-06-14 14:17:35,0,207.172.99.66,100,356,1,2024-06-14 14:17:36,R_1yknASyEoUaqKlq,,,,,40.7476,-75.2177,anonymous,EN,32,1,2,1,6,5,100,10,100,100,100,100,0,100,100,100,100,100,100,100,100,100,100,100,100,100,100,100,100,100,100,100,100,100,100,100,100,100,100,100,100,100,100,100,100,100,100,100,100,100,100,100,100,100,0,100,100,100,100,100,100,100,0,1,3,1,1,4,5,1,1,1,1,5,5,5,5,5,5,1,5,5,5,5,5,5,5,5,1,1,1,1,1,1,5c6d7db58f6257000148f61d
2024-06-14 14:10:52,2024-06-14 14:17:39,0,108.49.31.178,100,407,1,2024-06-14 14:17:40,R_1yFdSymDgC2jL2h,,,,,42.5639,-70.9463,anonymous,EN,43,2,6,1,7,11,30,70,70,80,84,82,0,87,88,92,71,91,100,0,31,20,12,27,12,27,37,33,27,32,37,100,82,83,86,90,89,85,93,84,86,85,89,92,62,89,100,86,85,90,80,92,72,84,0,81,89,87,82,85,71,75,0,4,4,2,5,4,2,2,4,4,4,2,1,5,5,2,1,2,3,4,3,4,5,4,4,4,5,4,2,2,3,1,665a52573b9527ce0011158b
2024-06-14 14:09:53,2024-06-14 14:17:40,0,162.221.131.61,100,466,1,2024-06-14 14:17:40,R_7nMdKyA0aZjLDvP,,,,,36.4679,-83.5543,anonymous,EN,48,1,2,1,7,7,86,94,97,93,96,94,0,60,59,60,56,60,55,85,88,85,87,92,85,68,67,71,68,70,68,100,91,79,97,96,91,93,98,69,67,69,72,70,67,73,100,75,72,75,73,77,75,73,0,80,82,80,78,84,76,81,0,1,5,1,1,4,5,1,1,1,1,5,4,5,5,5,5,1,5,5,2,1,5,5,5,4,1,1,1,1,1,1,5d42486206811e001ada5b4b
2024-06-14 14:10:18,2024-06-14 14:17:54,0,74.138.186.213,100,456,1,2024-06-14 14:17:55,R_5mk53SfjJEpP1QZ,,,,,39.0805,-84.4559,anonymous,EN,53,2,4,1,7,9,70,70,70,70,70,70,0,85,85,91,95,85,95,21,50,20,50,24,17,18,50,35,25,27,30,100,84,70,59,87,100,100,100,100,100,100,100,100,100,100,100,100,59,86,100,100,100,100,0,100,74,100,100,100,100,100,0,4,5,1,4,5,4,1,1,3,1,4,3,5,3,5,3,1,4,3,1,1,5,5,5,5,1,1,1,3,1,1,5916bba1c40353000150c46c
2024-06-14 14:12:01,2024-06-14 14:17:55,0,72.23.67.219,100,353,1,2024-06-14 14:17:55,R_3YhsRyFiBXhjD6K,,,,,40.7507,-80.1034,anonymous,EN,33,2,5,1,8,12,91,77,100,100,91,91,0,100,83,100,100,100,100,30,51,22,19,21,16,83,82,92,85,83,100,100,94,72,96,100,100,50,77,88,60,87,91,100,50,81,100,86,60,88,50,100,50,94,0,84,60,79,58,100,50,92,0,4,5,1,5,4,1,1,2,2,1,4,4,5,4,4,3,1,5,4,2,4,5,4,3,4,2,2,2,1,2,1,6627f4487b8bd8d14031349a
2024-06-14 14:11:05,2024-06-14 14:18:01,0,184.58.206.46,100,415,1,2024-06-14 14:18:02,R_7NVv2TlmXqKSubM,,,,,43.0475,-87.8964,anonymous,EN,40,1,3,1,6,1,82,50,82,82,83,84,0,0,0,0,0,0,0,61,50,62,78,66,66,50,50,50,50,50,50,100,84,88,91,91,92,50,71,50,50,78,76,76,50,63,100,58,58,56,55,54,50,53,0,79,76,74,79,78,50,51,0,5,4,2,1,5,2,3,4,4,1,2,3,3,5,5,2,2,3,5,1,3,4,4,3,5,4,3,3,1,1,1,5e28e8730fd86a0a19e084cd
2024-06-14 14:10:28,2024-06-14 14:18:03,0,97.83.183.119,100,454,1,2024-06-14 14:18:03,R_16ECVqCDaJ9PA2J,,,,,43.8013,-91.2134,anonymous,EN,37,2,2,1,4,9,14,18,15,18,19,21,0,89,90,90,90,90,88,7,20,19,19,16,19,79,79,80,78,80,79,100,100,100,100,100,100,100,100,100,100,100,100,100,100,100,100,100,100,100,100,100,100,100,0,100,100,100,100,100,100,100,0,1,4,2,4,5,4,4,2,2,2,2,2,4,4,5,4,4,2,4,1,2,4,4,4,4,2,4,2,2,1,1,5efb31fa8cd32f04bf048643
2024-06-14 14:12:42,2024-06-14 14:18:11,0,71.228.206.27,100,328,1,2024-06-14 14:18:11,R_3PB8VTkNskPR00M,,,,,36.1789,-86.8035,anonymous,EN,40,1,5,1,7,11,80,66,83,53,73,63,0,33,64,34,44,36,37,60,56,70,54,58,57,53,43,55,43,56,54,100,60,67,65,65,60,35,57,62,63,62,59,65,34,54,100,58,61,65,63,68,36,63,0,57,59,61,61,63,37,55,0,2,4,4,2,4,4,2,2,2,2,4,4,4,4,4,4,2,2,4,2,2,4,3,4,4,2,2,3,2,2,1,661ff00c03ba28739dd3fbef
2024-06-14 14:11:56,2024-06-14 14:18:12,0,71.57.100.76,100,375,1,2024-06-14 14:18:12,R_3YE8niRTTaAlFj3,,,,,41.7083,-87.9764,anonymous,EN,35,2,4,6,6,6,100,100,100,100,100,100,0,100,100,100,100,100,100,100,100,100,100,100,100,100,100,100,100,100,100,100,100,100,100,100,100,100,100,100,100,100,100,100,100,100,100,100,100,100,100,100,100,100,0,100,100,100,100,100,100,100,0,1,5,1,4,5,4,1,1,1,1,4,5,5,5,5,5,1,5,3,1,1,5,5,5,5,1,1,1,2,1,1,65e33239b5fa3ca93950aa67
2024-06-14 14:09:52,2024-06-14 14:18:31,0,128.92.1.3,100,519,1,2024-06-14 14:18:32,R_5Wv5PgmgEmU8svk,,,,,33.3792,-86.6969,anonymous,EN,61,2,2,1,7,6,29,83,92,92,92,92,0,95,95,95,95,95,95,8,93,93,93,56,55,97,97,97,97,94,97,100,100,100,100,100,100,81,100,100,100,100,100,100,78,100,100,100,100,100,100,100,85,100,0,100,100,100,100,100,76,100,0,4,5,2,1,4,1,4,2,1,1,4,5,5,5,4,4,4,4,5,1,3,4,5,5,5,4,1,1,1,1,1,646792a49a85f35e7a7f5169
2024-06-14 14:10:46,2024-06-14 14:18:36,0,216.49.6.168,100,469,1,2024-06-14 14:18:36,R_115Pnf9y8QWybsL,,,,,40.9781,-76.6268,anonymous,EN,31,1,4,1,1,11,20,30,30,40,40,40,0,80,60,80,60,75,70,10,40,20,30,30,30,40,45,35,35,40,35,100,40,40,55,70,60,45,55,55,45,45,55,60,45,55,100,45,45,45,40,55,45,55,0,55,45,45,55,60,45,55,0,5,3,2,4,3,2,3,2,3,2,4,3,4,2,4,2,3,2,3,3,4,4,5,4,4,1,3,1,3,2,1,6647c6138ad0a72e618533d0
2024-06-14 14:12:06,2024-06-14 14:18:37,0,174.101.36.103,100,391,1,2024-06-14 14:18:38,R_3qSVkskWSwZFbm9,,,,,39.4522,-83.841,anonymous,EN,35,1,2,1,7,5,0,0,0,0,0,0,0,100,100,100,100,100,100,0,0,0,0,0,0,60,50,55,55,60,60,100,50,70,90,70,80,50,80,50,80,90,75,80,50,80,100,50,90,90,80,90,50,80,0,50,100,100,90,100,50,90,0,5,4,1,2,5,3,1,1,1,2,4,3,5,5,3,2,1,5,5,1,3,5,5,5,3,1,1,1,1,1,1,5d951ede9b6f880018f63b6e
2024-06-14 14:10:28,2024-06-14 14:18:40,0,68.45.236.219,100,492,1,2024-06-14 14:18:40,R_17xu6ytCtPVLwiC,,,,,39.6421,-85.1439,anonymous,EN,25,2,2,1,4,6,75,90,90,75,85,90,0,40,30,15,15,5,10,80,65,80,85,80,90,90,100,100,95,90,100,100,100,90,90,100,75,65,85,90,90,85,85,90,70,90,100,85,85,90,75,75,75,90,0,100,95,95,100,90,75,100,0,2,5,4,5,5,3,4,4,5,1,2,5,5,2,3,2,1,2,1,1,4,5,4,2,3,4,2,1,4,1,1,646778f0d6b43cbeb4501454
2024-06-14 14:11:40,2024-06-14 14:18:43,0,174.206.33.71,100,422,1,2024-06-14 14:18:43,R_6cRr78QYgPRfI1H,,,,,37.386,-79.2191,anonymous,EN,43,1,3,1,7,10,23,66,25,84,27,9,0,72,58,67,83,73,81,20,84,14,93,2,3,51,75,52,92,59,80,100,98,97,97,98,96,92,91,95,92,89,92,91,87,87,100,100,100,100,100,100,98,94,0,75,79,82,77,84,73,80,0,1,4,4,2,5,4,4,4,4,1,4,4,4,4,5,4,4,2,4,2,2,4,4,4,5,2,2,4,2,1,1,651f0d6c26e75447ae818a36
2024-06-14 14:11:15,2024-06-14 14:19:05,0,172.59.16.176,100,469,1,2024-06-14 14:19:05,R_3W6VN27jMKnBc5z,,,,,18.25,-66.5,anonymous,EN,58,2,3,1,1,1,41,44,39,35,29,13,0,89,87,86,78,89,83,91,100,100,100,100,100,62,58,69,63,67,62,100,98,100,100,98,100,66,70,70,65,68,67,47,43,61,100,65,66,63,69,68,55,64,0,62,63,61,59,61,52,60,0,1,5,1,4,5,4,4,2,4,1,4,2,5,4,5,5,4,5,4,1,2,5,5,4,4,2,4,3,4,1,1,5d9b7f29654a3102c8112b63
2024-06-14 14:10:55,2024-06-14 14:19:07,0,172.58.166.106,100,491,1,2024-06-14 14:19:07,R_1bZhcLAuJZ2C39M,,,,,41.945,-87.7996,anonymous,EN,32,1,4,1,7,7,10,11,15,13,0,0,0,93,92,92,91,89,100,0,0,0,0,0,0,4,6,6,7,7,5,100,8,11,8,10,9,9,10,4,7,3,5,3,8,3,100,3,2,4,4,5,3,1,0,4,4,5,3,2,3,0,0,5,5,1,1,4,2,2,1,1,1,5,5,5,5,4,1,1,4,5,2,3,5,5,5,5,1,1,1,1,1,1,5fe508e86079e12a8a3b2427
2024-06-14 14:09:57,2024-06-14 14:19:18,0,174.245.98.111,100,560,1,2024-06-14 14:19:18,R_5zqm0sl1OfLff7F,,,,,35.2316,-80.8428,anonymous,EN,36,2,3,1,4,9,75,50,80,80,100,100,0,40,40,0,25,25,25,60,75,75,75,100,100,80,75,70,75,75,100,100,75,75,75,100,75,50,100,75,75,75,100,75,50,100,100,75,75,75,75,75,50,100,0,75,75,75,100,75,50,100,0,4,4,1,4,3,2,1,2,2,2,3,3,4,2,4,3,1,4,2,2,3,4,4,2,4,4,3,2,3,2,1,663192b96ab56cf1635615b7
2024-06-14 14:10:26,2024-06-14 14:19:19,0,174.206.231.1,100,533,1,2024-06-14 14:19:20,R_7CHR94GkTisypOw,,,,,40.6357,-74.2527,anonymous,EN,,2,2,1,7,11,100,71,100,100,100,100,0,4,5,0,0,15,0,100,75,100,100,100,100,24,15,0,1,5,0,100,100,100,100,100,100,100,100,100,100,100,100,100,100,100,100,100,79,80,100,86,100,87,0,100,100,100,100,100,100,100,0,2,5,2,2,5,3,1,1,1,1,4,4,4,4,4,4,1,4,4,1,1,5,5,4,4,1,1,1,1,1,1,664f9c1098a3ae9c463e6879
2024-06-14 14:09:45,2024-06-14 14:19:25,0,136.60.163.72,100,579,1,2024-06-14 14:19:25,R_6R1riT4wZQ5j9oX,,,,,33.8019,-84.3861,anonymous,EN,48,2,5,2,7,7,100,100,100,100,100,100,0,0,0,0,0,0,0,50,50,50,40,40,65,0,0,0,0,0,0,100,100,100,100,100,100,100,100,100,100,100,100,100,100,100,100,75,75,75,75,75,75,75,0,100,100,100,100,100,100,100,0,3,5,2,5,4,4,1,3,5,3,4,1,4,3,4,4,2,3,3,2,1,4,4,4,4,1,2,2,4,2,1,643adb4a213b87bfc7e21e3f
2024-06-14 14:11:20,2024-06-14 14:19:33,0,107.197.157.100,100,493,1,2024-06-14 14:19:33,R_3DNcKGr3qksST5m,,,,,34.157,-77.9136,anonymous,EN,66,2,5,1,7,8,90,85,93,95,75,91,0,92,85,77,79,88,88,66,82,82,83,81,81,50,50,44,59,39,37,100,92,82,96,94,86,50,74,90,78,95,89,91,50,90,100,89,80,95,90,89,50,93,0,91,82,97,89,95,,99,0,5,5,1,4,1,5,1,1,1,1,5,3,5,5,4,2,1,5,5,1,1,5,5,5,5,1,3,1,1,1,1,651ebcca48c60acc82f1f2bd
2024-06-14 14:11:18,2024-06-14 14:19:38,0,76.128.223.158,100,500,1,2024-06-14 14:19:39,R_7sdAEQGG5QaFscu,,,,,26.6371,-80.0841,anonymous,EN,72,2,2,1,3,5,92,100,84,90,100,100,0,77,90,90,58,88,96,82,64,91,90,94,95,72,89,96,95,100,100,100,100,100,100,100,100,86,88,100,83,93,92,100,93,100,100,95,95,100,97,100,93,95,0,100,87,98,100,100,91,100,0,2,5,1,1,5,2,1,2,1,2,2,5,5,5,4,4,1,5,5,1,2,5,5,5,4,4,2,1,1,1,1,5b757a03976ecb0001b1168f
2024-06-14 14:10:17,2024-06-14 14:20:08,0,67.255.234.217,100,590,1,2024-06-14 14:20:08,R_3G31nVFNTovDSYd,,,,,44.7445,-69.5484,anonymous,EN,38,1,3,1,7,6,91,90,90,92,92,92,0,76,71,63,60,64,63,66,66,71,39,60,58,80,35,64,40,58,58,100,77,88,89,89,87,56,83,85,88,87,87,85,86,71,100,76,77,55,82,84,57,69,0,81,73,80,80,76,72,71,0,2,4,2,4,5,4,2,2,2,4,4,2,4,4,4,4,2,3,3,1,2,4,4,4,4,1,2,2,2,2,1,611343cebd1f50c6a0eaaf8c
2024-06-14 14:10:29,2024-06-14 14:20:11,0,45.21.67.40,100,581,1,2024-06-14 14:20:11,R_5NFwm5h3MPyNrKl,,,,,41.6538,-86.1631,anonymous,EN,30,2,5,1,6,5,63,54,47,93,74,88,0,25,37,28,26,21,25,20,74,81,77,73,72,67,21,29,22,17,0,100,100,100,100,100,100,57,85,92,85,87,84,88,33,92,100,81,73,76,69,68,62,82,0,93,88,86,70,76,42,75,0,5,5,4,5,3,2,3,4,4,2,3,4,4,3,3,2,4,2,3,4,4,5,4,4,4,2,2,2,4,3,1,66512f7075174757b10eab2d
2024-06-14 14:10:25,2024-06-14 14:20:17,0,172.58.164.166,100,591,1,2024-06-14 14:20:17,R_7FubMGNijdlS0fL,,,,,41.945,-87.7996,anonymous,EN,50,1,4,2,7,4,9,50,6,50,10,10,0,100,100,100,100,100,100,50,50,50,50,50,50,50,50,50,50,50,50,50,90,90,90,90,90,90,100,90,90,90,90,90,90,100,100,90,90,90,90,90,90,100,0,90,90,90,90,90,90,100,0,3,4,1,5,1,3,3,4,4,5,1,2,4,2,2,3,2,3,1,5,2,5,5,2,1,4,4,2,5,5,1,605733fb52820cc2a723fea3
2024-06-14 14:10:17,2024-06-14 14:20:19,0,50.4.26.155,100,601,1,2024-06-14 14:20:19,R_17m6AzApQmYlV1V,,,,,42.5784,-84.4551,anonymous,EN,29,1,4,1,7,8,83,90,100,69,80,52,0,71,90,100,73,52,51,86,62,77,60,55,51,40,32,17,42,42,48,100,90,71,84,95,58,51,71,70,78,86,100,60,52,73,100,82,77,81,73,55,53,76,0,84,79,83,87,55,52,78,0,1,4,4,2,5,4,4,1,4,2,3,4,4,2,1,5,2,2,2,1,4,4,3,1,1,1,2,4,4,4,2,65f1b8db932f5ad974458e46
2024-06-14 14:11:52,2024-06-14 14:20:31,0,71.200.205.123,100,519,1,2024-06-14 14:20:32,R_6y7okHUGG95RZGb,,,,,26.1883,-81.7071,anonymous,EN,33,1,5,1,7,11,25,30,25,50,35,20,0,90,60,75,60,85,90,30,40,40,45,40,25,40,35,30,45,40,35,100,80,85,65,90,100,80,90,89,88,81,87,90,70,80,100,70,77,73,77,82,73,69,0,100,91,90,91,94,88,85,0,4,4,2,1,4,2,1,1,1,1,4,5,5,5,5,4,1,4,4,2,3,5,5,5,4,2,1,1,1,2,1,5f51587f36e91f38fbf34c23
2024-06-14 14:10:43,2024-06-14 14:20:35,0,73.219.59.19,100,592,1,2024-06-14 14:20:36,R_1eQmMFZ9z1IMofL,,,,,41.6135,-70.4769,anonymous,EN,60,2,2,1,3,3,20,50,30,52,15,10,0,90,60,89,70,95,100,10,50,25,30,5,5,90,50,95,75,95,90,100,30,50,50,40,50,26,10,24,50,50,48,50,25,15,100,10,50,50,24,50,25,24,0,25,50,50,24,50,25,14,0,2,2,1,1,4,3,4,1,1,1,3,2,5,5,4,2,4,5,5,3,4,5,5,5,5,4,2,1,1,1,1,63d5daa80d80a745de740c13
2024-06-14 14:11:00,2024-06-14 14:20:39,0,64.67.101.155,100,579,1,2024-06-14 14:20:39,R_32yvTftmjSnnmxB,,,,,40.5995,-75.3763,anonymous,EN,26,1,4,1,7,9,55,25,35,96,49,46,0,59,78,53,20,57,75,79,6,15,74,11,15,13,6,11,3,0,0,100,0,0,55,0,0,0,0,0,0,52,0,0,0,0,100,0,0,36,0,0,0,0,0,2,18,72,0,0,0,0,0,4,4,2,4,5,5,3,2,1,1,5,2,4,4,5,4,4,4,,1,1,5,4,3,4,1,3,2,3,1,1,5afe053059ae1e00017e6a3c
2024-06-14 14:11:56,2024-06-14 14:20:40,0,73.21.245.36,100,523,1,2024-06-14 14:20:40,R_5lYnHToBz36vgyB,,,,,29.1254,-82.0076,anonymous,EN,46,2,4,1,6,11,100,100,99,100,100,100,0,100,100,100,99,100,100,100,100,100,100,100,100,100,100,100,100,100,100,100,100,100,100,100,100,100,100,100,100,100,100,100,100,100,100,100,100,100,100,100,100,100,0,100,100,100,100,100,100,100,0,1,5,1,1,5,5,3,1,1,1,5,5,5,5,4,5,1,5,5,1,1,5,5,5,5,3,2,1,1,1,1,5dbc46b70338051eb7999760
2024-06-14 14:12:02,2024-06-14 14:20:42,0,108.210.38.121,100,520,1,2024-06-14 14:20:42,R_51vbUpeBMEph53X,,,,,35.7832,-91.6369,anonymous,EN,65,1,2,1,3,3,100,100,100,100,100,100,0,100,100,100,100,100,100,100,100,100,100,100,100,100,100,100,100,100,100,100,100,100,100,100,100,100,100,,100,100,100,100,100,100,100,100,100,100,100,100,100,100,0,100,100,100,100,100,100,100,0,5,5,1,1,5,3,3,1,1,5,2,5,1,5,3,5,1,3,5,3,3,5,5,4,4,1,1,1,1,1,1,640c92a322b87202716ce6a6
2024-06-14 14:10:37,2024-06-14 14:20:46,0,70.114.141.213,100,608,1,2024-06-14 14:20:46,R_7qBLNh7iYjaeEVe,,,,,30.5154,-97.6689,anonymous,EN,42,2,2,1,1,3,80,90,100,100,100,100,0,90,90,100,100,100,100,100,100,100,100,100,100,100,50,60,30,40,40,100,100,100,100,100,100,100,100,100,100,100,100,100,100,100,100,100,100,100,100,100,100,100,0,100,100,100,100,100,100,100,0,4,5,5,5,4,1,1,2,2,1,3,4,5,4,2,4,1,4,4,2,5,5,5,4,5,4,2,1,2,4,1,663b7b92f00b34547fe5ed81
2024-06-14 14:10:26,2024-06-14 14:20:56,0,47.41.102.21,100,630,1,2024-06-14 14:20:57,R_7dI2ul7tI0QXHsR,,,,,44.6707,-93.2588,anonymous,EN,32,1,4,1,7,11,75,48,83,60,86,63,0,33,25,11,35,8,24,13,40,30,41,7,15,66,71,56,76,61,65,100,66,80,72,89,81,66,77,73,81,88,75,82,66,73,100,70,83,82,92,91,66,71,0,79,93,95,100,83,71,89,0,4,3,4,2,3,1,2,2,3,2,4,4,4,4,2,1,2,3,2,4,5,4,4,4,2,4,1,4,2,2,1,6669a1aedfa639b507eccff6
2024-06-14 14:11:38,2024-06-14 14:20:56,0,50.124.241.89,100,558,1,2024-06-14 14:20:57,R_632yWNowR1pqzcx,,,,,44.6661,-84.6936,anonymous,EN,33,2,2,1,1,1,19,96,100,61,100,94,0,23,67,33,77,42,24,89,76,67,68,73,71,43,52,25,65,37,39,100,100,100,100,100,100,93,82,79,81,71,82,77,79,80,100,92,88,85,81,86,78,83,0,100,94,93,93,93,86,94,0,5,5,3,4,3,4,4,4,5,4,5,3,4,2,4,4,2,3,4,4,5,4,3,4,4,4,3,4,4,5,1,60b49cb1dc5470789edd23fe
2024-06-14 14:11:21,2024-06-14 14:21:19,0,212.116.254.102,100,598,1,2024-06-14 14:21:20,R_6JrlTN3ZUfnyt0t,,,,,39.0469,-77.4903,anonymous,EN,42,1,4,1,5,4,68,89,70,82,83,84,0,75,73,73,83,88,87,84,87,88,84,86,89,79,87,73,77,86,71,100,79,85,82,84,94,87,87,89,90,81,80,85,81,85,100,89,91,84,85,81,88,82,0,82,84,88,83,86,92,80,0,4,4,2,2,3,2,3,3,2,2,4,4,4,3,5,3,2,5,3,,3,4,4,4,4,3,3,2,2,2,1,665204dff160a84b66153ace
2024-06-14 14:11:15,2024-06-14 14:21:25,0,166.182.83.245,100,609,1,2024-06-14 14:21:25,R_7HZZr5f5zL6uMB0,,,,,36.1671,-86.7861,anonymous,EN,58,2,4,1,8,1,71,66,82,71,67,79,0,63,77,73,66,67,71,28,28,33,34,33,19,72,68,71,65,74,78,100,69,75,74,67,73,68,74,70,75,68,68,68,68,74,100,71,75,74,73,68,67,80,0,71,78,69,70,74,70,76,0,5,5,2,2,4,2,1,1,2,1,3,3,4,4,4,1,1,4,4,2,2,5,5,2,4,2,3,2,2,2,1,65ff8f036cb80214304dcec5
2024-06-14 14:13:15,2024-06-14 14:21:29,0,66.213.123.46,100,493,1,2024-06-14 14:21:30,R_6rOu42qQvnb5nT5,,,,,41.1682,-81.2398,anonymous,EN,33,1,4,1,7,9,26,22,27,66,60,61,0,79,79,62,42,54,67,27,39,39,31,35,27,35,33,28,29,32,31,100,67,63,85,78,80,79,85,68,79,85,82,75,75,83,100,75,70,77,76,86,92,76,0,75,69,80,80,85,76,80,0,4,3,3,4,2,1,2,3,3,4,2,3,4,3,2,2,3,4,2,4,4,4,4,3,2,4,3,3,2,4,1,60d3740f31606cb50e49f00c
2024-06-14 14:10:34,2024-06-14 14:21:35,0,76.101.133.200,100,661,1,2024-06-14 14:21:36,R_7pnHuRVQZGOluPQ,,,,,26.5823,-81.832,anonymous,EN,43,1,2,1,5,3,27,29,10,27,14,32,0,18,16,10,24,14,25,20,12,6,15,10,19,13,12,14,25,9,9,100,10,10,13,6,21,16,8,9,13,11,29,17,24,9,100,11,19,8,18,9,14,29,0,11,11,16,9,18,15,20,0,5,4,2,2,4,3,1,4,3,2,3,3,4,5,4,3,2,4,4,3,4,5,4,3,3,4,2,3,2,3,1,662190146ef67bab626e48cb
2024-06-14 14:12:43,2024-06-14 14:21:48,0,73.227.185.184,100,545,1,2024-06-14 14:21:49,R_10AZ6BXl0lz8VZn,,,,,42.5811,-71.4387,anonymous,EN,34,1,2,1,7,11,100,100,100,100,100,100,0,100,100,100,100,100,100,81,100,80,68,66,66,0,0,0,0,0,0,100,100,100,100,100,100,100,100,100,100,100,100,100,100,100,100,100,100,100,100,100,100,100,0,100,100,100,100,100,100,100,0,1,4,1,3,4,4,2,4,1,2,4,3,5,5,5,5,1,4,4,1,1,4,4,5,4,5,2,3,1,1,1,662c62abadd0ff2671ea8876
2024-06-14 14:10:50,2024-06-14 14:21:50,0,98.242.162.236,100,660,1,2024-06-14 14:21:51,R_6Qrj44eMwJsILW9,,,,,30.2884,-81.6361,anonymous,EN,27,1,3,2,7,6,99,24,14,13,15,7,0,94,87,82,74,90,100,22,7,10,9,22,7,23,21,13,20,5,4,100,90,72,82,91,66,63,70,80,66,66,67,66,85,88,100,80,87,94,90,83,90,81,0,88,98,90,90,88,92,80,0,1,5,1,1,5,3,1,1,1,1,5,4,5,5,5,5,1,5,5,4,1,5,5,5,4,1,1,1,1,1,1,645d518949b0639658176654
2024-06-14 14:11:14,2024-06-14 14:21:54,0,73.99.141.187,100,639,1,2024-06-14 14:21:55,R_6XjpjuCmHSLjVFX,,,,,38.719,-77.7416,anonymous,EN,41,1,5,1,7,11,5,20,10,60,0,0,0,85,85,95,95,95,100,5,5,0,55,0,0,5,0,0,40,0,0,100,55,55,55,51,51,20,51,52,52,52,52,52,40,52,100,52,52,52,52,52,40,40,0,52,52,52,52,52,40,51,0,5,4,4,4,4,4,4,2,4,2,2,2,5,4,4,1,2,4,4,2,2,4,5,4,4,3,4,2,1,2,1,659aba9fce23a5b8af24fb5a
2024-06-14 14:11:15,2024-06-14 14:21:57,0,174.215.178.23,100,641,1,2024-06-14 14:21:57,R_6sojUPM5uLtwvnJ,,,,,32.5938,-83.642,anonymous,EN,29,2,4,1,1,1,30,25,50,30,50,50,0,75,85,100,90,100,100,0,0,25,30,25,0,95,50,50,40,65,50,100,100,50,75,100,100,20,50,100,50,100,100,100,20,50,100,85,100,100,100,70,20,50,0,100,100,100,100,100,20,50,0,4,5,5,5,4,2,2,5,4,3,2,5,5,4,3,4,1,3,2,2,5,5,5,4,3,5,2,3,5,2,1,582bee72b1afc30001af4eb4
2024-06-14 14:11:45,2024-06-14 14:22:02,0,97.95.112.97,100,617,1,2024-06-14 14:22:03,R_6XcluZriJgEpZad,,,,,43.1772,-85.2473,anonymous,EN,43,1,2,1,7,5,0,50,0,36,0,0,0,100,100,100,100,100,100,0,25,0,12,0,0,100,85,100,100,100,100,100,100,100,100,100,100,0,50,100,100,100,100,100,0,50,100,100,100,100,100,100,0,50,0,100,100,100,100,100,0,50,0,5,5,1,1,4,1,1,1,1,1,4,5,5,5,1,1,1,5,5,4,5,5,5,5,5,3,1,1,1,5,1,5ced23c585712e00190bd98a
2024-06-14 14:10:36,2024-06-14 14:22:23,0,47.199.62.65,100,706,1,2024-06-14 14:22:23,R_1kApv5wd7sQMUhj,,,,,28.2137,-82.6809,anonymous,EN,40,2,4,1,5,12,100,83,100,100,100,100,0,84,77,83,90,91,95,100,100,100,97,100,100,79,82,76,80,78,85,100,87,94,99,100,100,60,87,97,92,92,100,89,68,67,100,84,85,85,92,74,68,64,0,94,94,90,100,94,70,81,0,2,5,3,1,5,4,1,3,2,1,5,5,5,5,5,5,3,4,5,2,3,5,4,5,5,1,1,4,1,2,1,66188b0cd0f8a01345be56e7
2024-06-14 14:11:21,2024-06-14 14:22:26,0,81.161.5.58,100,665,1,2024-06-14 14:22:27,R_7ez7GMpv5QcRx1W,,,,,40.7662,-74.0178,anonymous,EN,23,1,6,2,6,11,69,73,99,86,92,86,0,95,97,74,66,78,78,78,70,69,69,67,75,88,77,70,64,83,78,100,86,80,68,74,68,71,79,83,74,70,73,84,75,78,100,85,67,84,88,75,87,69,0,89,71,62,81,82,78,61,0,5,4,1,1,4,4,2,2,2,2,4,4,4,4,4,4,2,4,4,4,4,4,4,4,4,2,2,2,2,2,1,665c1ff4018103646d5ccf01
2024-06-14 14:12:27,2024-06-14 14:22:29,0,174.182.31.10,100,601,1,2024-06-14 14:22:30,R_6YnyS4XXz3Ic4s3,,,,,39.8655,-86.122,anonymous,EN,42,2,4,1,4,12,85,70,76,40,45,25,0,95,60,90,90,90,95,10,60,40,75,35,40,55,45,55,55,55,55,100,85,75,85,95,90,55,80,95,85,95,95,90,55,55,100,55,45,60,55,55,51,51,0,95,55,100,100,100,70,80,0,5,5,1,2,5,1,4,1,1,2,1,2,5,5,2,1,2,5,5,1,5,5,5,4,4,2,4,2,2,4,1,63b75b3eace44d9b4bbe411d
2024-06-14 14:11:42,2024-06-14 14:22:32,0,174.216.210.213,100,650,1,2024-06-14 14:22:33,R_3n6C6FdF7Y3cS4N,,,,,40.694,-73.9901,anonymous,EN,30,2,5,1,7,11,85,72,79,84,84,80,0,53,42,53,55,54,52,49,49,45,44,49,50,35,47,44,39,43,40,100,59,48,61,57,58,42,59,72,64,66,67,60,46,62,100,52,49,51,52,52,44,53,0,61,60,59,62,56,43,56,0,2,4,5,4,4,1,1,5,4,2,1,1,4,2,3,1,2,1,1,1,4,5,3,4,4,5,4,5,4,2,1,5db4f0b63e33f2000dd54016
2024-06-14 14:10:43,2024-06-14 14:22:36,0,174.198.67.98,100,712,1,2024-06-14 14:22:37,R_1DopYIYBqNmA2cb,,,,,41.2581,-95.9325,anonymous,EN,42,1,4,1,5,4,,,,,,,,,,,,,,,,,,,,,,,,,,,,,,,,,,,,,,,,,,,,,,,,,,,,,,,,,,3,5,1,1,5,4,1,1,1,5,5,5,5,5,5,5,1,1,5,5,3,5,5,5,5,1,1,1,1,1,1,65b929230cff388d15dd5c4c
2024-06-14 14:09:32,2024-06-14 14:22:43,0,81.161.5.219,100,790,1,2024-06-14 14:22:44,R_6PbqOBULXG71tgt,,,,,40.7662,-74.0178,anonymous,EN,35,2,4,2,7,10,40,40,45,80,100,45,0,100,80,95,100,100,100,81,93,90,80,100,82,45,60,46,45,40,45,100,100,100,100,100,95,100,100,99,100,100,100,100,100,100,100,90,83,92,100,100,100,100,0,100,100,100,100,100,100,100,0,4,5,1,1,4,5,1,1,1,4,5,5,5,5,5,5,1,5,,4,2,5,5,5,4,1,2,1,1,2,1,665526b5f10b5700001d1b87
2024-06-14 14:13:17,2024-06-14 14:22:51,0,12.198.49.161,100,574,1,2024-06-14 14:22:51,R_5WYmWNhcBWOCmqI,,,,,32.7203,-117.1552,anonymous,EN,44,1,4,1,7,11,80,90,90,100,85,90,0,30,15,15,25,15,20,70,80,70,80,75,80,80,80,85,80,80,70,100,100,100,85,75,100,100,80,80,80,100,85,100,100,80,100,100,100,100,100,100,100,100,0,100,100,100,100,100,100,100,0,1,5,2,1,2,3,2,1,1,3,4,5,4,5,5,5,1,4,5,1,3,5,5,5,2,1,1,2,1,2,1,5f89dc068df5520405822b18
2024-06-14 14:10:32,2024-06-14 14:22:56,0,172.113.154.134,100,744,1,2024-06-14 14:22:57,R_7ndbAAsbhdXThmo,,,,,33.8515,-118.142,anonymous,EN,64,1,4,1,6,2,39,42,39,65,,33,0,37,60,,36,37,25,91,81,90,94,88,90,64,71,78,83,88,89,100,81,85,83,78,85,89,82,83,87,82,86,85,89,81,100,50,50,62,62,67,58,50,0,86,90,89,90,90,86,91,0,1,5,1,5,3,2,1,2,1,4,2,5,5,4,3,5,1,2,1,2,5,5,5,4,1,3,4,1,1,2,1,577f70d1454e5400015f1845
2024-06-14 14:10:12,2024-06-14 14:23:08,0,107.116.79.7,100,776,1,2024-06-14 14:23:09,R_5mOTpmwsbUtazUR,,,,,38.9208,-77.036,anonymous,EN,33,2,4,1,7,7,88,50,80,50,85,100,0,80,90,100,90,85,100,25,22,0,30,0,0,60,64,51,50,37,51,100,100,60,100,100,100,87,100,80,81,100,100,100,82,100,100,100,80,80,100,100,89,100,0,100,82,100,100,100,100,100,0,2,5,1,5,5,1,1,4,4,1,2,2,5,4,4,4,1,5,2,1,5,5,5,4,5,2,2,2,5,4,1,6643b23d261f1d4b74357a5e
2024-06-14 14:13:43,2024-06-14 14:23:10,0,67.197.148.56,100,566,1,2024-06-14 14:23:11,R_5DToXBxdzfPRjQ4,,,,,34.9071,-81.0073,anonymous,EN,43,1,4,1,7,7,40,76,72,72,68,68,0,32,34,33,26,24,24,22,22,25,27,25,21,27,46,40,39,37,34,100,68,56,76,62,67,62,63,60,62,83,81,84,75,70,100,84,70,81,75,68,78,85,0,70,79,72,71,71,76,74,0,4,5,4,3,3,4,3,3,3,2,3,3,4,3,4,2,3,3,3,2,2,5,4,4,4,5,3,4,3,2,1,661324a65f39bf3c6f762273
2024-06-14 14:12:45,2024-06-14 14:23:13,0,98.169.37.124,100,627,1,2024-06-14 14:23:13,R_5WVBqyArmwP93Rn,,,,,38.8921,-77.2522,anonymous,EN,24,1,4,1,7,6,75,65,76,75,79,80,0,72,76,75,76,77,73,37,63,39,66,36,37,64,75,77,83,80,80,100,74,82,85,84,81,86,81,85,84,84,86,86,85,90,100,80,85,85,84,83,85,89,0,85,86,87,86,87,88,88,0,4,5,3,4,5,4,3,2,1,2,4,3,4,4,4,5,3,3,4,2,2,5,4,5,5,1,2,3,3,2,1,66645cff5b7cb46819ac4d8a
2024-06-14 14:11:56,2024-06-14 14:23:34,0,66.56.152.151,100,698,1,2024-06-14 14:23:35,R_7r1Yi8tZTJed7AT,,,,,33.7387,-78.9762,anonymous,EN,51,1,4,6,3,4,82,67,82,73,85,86,0,59,40,53,63,45,56,38,32,41,65,39,43,41,34,43,38,33,40,100,35,31,40,35,45,37,32,43,44,56,52,53,52,54,100,41,44,53,47,54,48,47,0,59,54,58,55,60,60,64,0,4,2,2,1,3,4,2,1,1,4,4,2,5,5,4,3,4,3,5,2,2,4,5,4,4,2,3,2,1,2,1,64d52f62a1f1a7371760fe4f
2024-06-14 14:15:22,2024-06-14 14:23:35,0,207.180.52.171,100,493,1,2024-06-14 14:23:36,R_6diRXATzvTYI1W0,,,,,37.751,-97.822,anonymous,EN,27,1,4,1,7,9,89,74,12,25,81,70,0,8,84,24,86,80,88,16,36,80,0,7,18,13,23,25,16,26,22,100,87,82,81,75,71,92,72,84,77,86,100,91,15,77,100,82,87,80,92,83,92,77,0,84,77,80,88,82,71,84,0,3,2,4,4,3,3,3,2,1,2,2,4,3,3,5,4,5,4,3,3,2,2,1,2,2,3,2,3,4,4,1,63e537a4b33c1c72be91da82
2024-06-14 14:11:35,2024-06-14 14:23:37,0,73.147.139.113,100,721,1,2024-06-14 14:23:38,R_66hHZGwdepMdlM9,,,,,38.0704,-78.9067,anonymous,EN,43,2,2,1,6,6,71,81,95,84,95,95,0,85,95,95,85,95,95,85,80,95,95,95,85,95,80,95,85,95,85,100,80,85,85,80,90,90,90,90,95,90,90,95,95,90,100,90,95,90,90,95,95,95,0,90,95,90,95,95,95,90,0,4,4,2,5,4,1,1,3,4,3,3,3,4,3,3,2,2,4,2,3,4,4,4,3,3,3,3,3,4,3,1,662e74619df74828c2ef968f
2024-06-14 14:12:47,2024-06-14 14:23:46,0,98.17.7.54,100,659,1,2024-06-14 14:23:47,R_32JQgoJ2wIoQoNq,,,,,37.2407,-85.5223,anonymous,EN,66,1,3,1,3,1,0,100,0,100,0,0,0,100,100,100,100,100,100,0,100,100,0,0,0,0,0,0,0,0,0,100,0,0,0,0,0,0,0,0,0,0,0,0,0,0,100,0,0,0,0,0,0,0,0,0,0,0,0,0,0,0,0,1,5,5,1,5,4,1,1,1,1,4,5,5,5,4,5,1,5,5,1,4,5,5,5,5,2,1,1,1,1,1,65c017a404cde4687fdad22e
2024-06-14 14:11:31,2024-06-14 14:23:49,0,73.113.26.144,100,737,1,2024-06-14 14:23:50,R_6wB1PjgNd2YiZrT,,,,,35.9243,-83.9965,anonymous,EN,42,2,3,6,7,7,30,40,25,45,15,10,0,40,25,10,25,5,10,30,40,10,5,5,5,25,25,5,10,5,10,100,55,55,75,60,75,10,51,55,55,75,75,60,25,55,100,55,55,75,70,60,25,55,0,54,55,75,75,60,25,55,0,4,5,2,5,5,3,2,4,4,1,3,2,4,2,4,2,2,4,1,1,3,5,3,3,5,3,4,2,4,2,1,65ce1b0bf3ab63f4f81cdd94
2024-06-14 14:10:47,2024-06-14 14:23:54,0,70.92.143.209,100,787,1,2024-06-14 14:23:55,R_5r0VRu7QtbEekYF,,,,,42.951,-87.9437,anonymous,EN,32,1,4,1,7,7,20,40,20,10,0,0,0,60,55,60,55,60,70,10,40,0,10,0,0,10,30,20,20,25,5,100,40,60,60,51,55,40,0,40,55,55,55,55,40,0,100,40,55,55,51,55,40,0,0,40,55,60,60,60,40,55,0,4,3,1,3,5,2,2,2,3,2,2,2,5,4,3,2,4,5,3,3,4,5,5,4,4,2,3,1,2,4,1,65fb0026335c1f3d489ddbe2
2024-06-14 14:11:25,2024-06-14 14:23:55,0,76.73.142.180,100,749,1,2024-06-14 14:23:56,R_3ZJkYihsxOqPMPq,,,,,32.4779,-86.4357,anonymous,EN,29,1,5,1,7,8,65,20,70,60,70,71,0,30,40,21,33,26,26,40,40,60,61,40,41,60,61,62,59,60,60,100,82,80,81,82,91,93,81,82,90,94,91,94,92,89,100,40,39,22,31,20,7,29,0,70,79,85,82,77,74,68,0,4,4,4,1,4,4,2,2,1,1,2,4,4,5,4,3,4,2,5,2,2,5,4,4,4,4,2,2,1,2,1,66623405f36f94fe9bec36f6
2024-06-14 14:14:51,2024-06-14 14:24:00,0,174.166.254.180,100,548,1,2024-06-14 14:24:00,R_3LaU8UFl4QLLhEq,,,,,39.8662,-75.1259,anonymous,EN,37,1,5,1,7,12,30,51,58,73,79,78,0,89,84,85,50,87,92,84,50,84,81,92,88,33,50,27,29,30,19,100,86,91,99,98,75,90,89,67,85,92,91,90,90,90,100,68,88,90,90,86,86,86,0,68,85,84,83,85,84,84,0,3,4,3,1,3,4,4,2,1,1,4,4,5,5,3,4,4,4,5,4,3,4,4,4,4,2,4,3,1,3,1,5ced8f96a726ed0015d31452
2024-06-14 14:15:45,2024-06-14 14:24:15,0,50.5.179.170,100,509,1,2024-06-14 14:24:15,R_712nQR8LMh72WZz,,,,,39.0697,-84.2916,anonymous,EN,32,2,2,1,4,5,38,35,25,17,40,10,0,71,76,67,58,71,84,22,32,19,31,22,7,90,70,73,74,85,90,100,70,65,100,76,82,88,79,65,68,85,86,98,79,86,100,64,,87,61,74,81,86,0,100,81,100,94,100,100,100,0,5,5,4,3,4,2,1,4,2,3,2,4,5,5,3,3,2,4,4,4,4,5,4,4,2,3,2,3,2,3,1,6290d34243e9347c40bac608
2024-06-14 14:12:01,2024-06-14 14:24:25,0,99.17.221.38,100,743,1,2024-06-14 14:24:25,R_7A0bBFxZE0BJ996,,,,,33.8789,-117.5353,anonymous,EN,26,2,2,3,2,3,70,60,80,70,70,60,0,60,60,70,70,70,60,20,60,60,60,55,55,75,60,40,40,40,35,100,60,70,70,80,60,60,70,60,70,60,70,60,60,70,100,60,75,65,70,60,60,70,0,65,70,60,70,60,60,70,0,4,4,2,4,4,1,2,4,4,3,2,4,4,4,3,2,2,4,2,2,4,4,4,2,3,3,2,4,2,3,1,6659fba6acb2a3ddd8541d2d
2024-06-14 14:12:44,2024-06-14 14:24:36,0,104.138.232.122,100,711,1,2024-06-14 14:24:37,R_3VNNK2MjA6liS9O,,,,,36.0682,-80.2928,anonymous,EN,27,1,3,2,7,4,90,70,90,60,90,65,0,50,55,40,45,50,30,70,60,90,75,65,80,45,30,25,20,50,0,100,100,100,100,100,85,90,100,100,100,90,100,85,95,100,100,85,100,100,90,85,90,100,0,90,100,95,90,85,85,100,0,5,5,4,5,5,4,1,2,4,1,3,5,5,5,3,4,1,4,4,1,2,5,5,5,4,3,2,4,1,1,1,65f366dfcb46b71238e9418d
2024-06-14 14:13:37,2024-06-14 14:24:36,0,170.205.163.118,100,659,1,2024-06-14 14:24:37,R_5dFUjEA7qAZIyqc,,,,,32.275,-83.4981,anonymous,EN,27,1,5,2,5,2,89,88,92,74,99,93,0,23,55,44,45,38,35,87,88,83,79,90,85,88,79,92,85,86,75,100,95,95,91,94,93,89,90,94,93,91,93,91,96,87,100,87,88,88,88,83,90,88,0,92,95,96,97,96,95,95,0,4,5,1,2,4,3,1,2,2,4,4,5,5,4,4,4,1,4,4,4,4,5,5,5,3,1,1,1,2,3,1,6649fdbf07e464189e4b1981
2024-06-14 14:11:01,2024-06-14 14:24:51,0,68.204.3.162,100,830,1,2024-06-14 14:24:52,R_7roy5wdJeaAG44g,,,,,28.6841,-81.2812,anonymous,EN,65,2,4,1,3,3,89,74,90,90,90,83,0,92,87,63,63,50,50,19,48,30,78,26,27,21,21,22,21,20,20,100,94,94,93,93,94,91,92,91,92,93,92,92,92,92,100,92,93,93,90,97,90,90,0,92,91,92,91,91,91,93,0,4,5,1,4,2,2,1,2,2,1,3,4,5,2,1,4,1,5,3,4,4,5,5,4,2,5,2,1,2,5,1,6369700320bc7dd22e733009
2024-06-14 14:11:02,2024-06-14 14:24:54,0,74.66.245.66,100,831,1,2024-06-14 14:24:54,R_6Ev09Tn3THoxkue,,,,,41.471,-74.0679,anonymous,EN,72,2,3,1,3,3,20,20,20,10,10,10,0,20,20,30,10,10,10,5,10,5,10,10,10,75,75,70,75,74,85,100,85,80,79,85,80,75,80,75,75,80,75,75,70,70,100,70,65,65,80,70,65,65,0,80,60,70,75,75,60,70,0,5,5,4,4,5,2,1,4,5,2,2,4,5,3,4,2,1,2,4,2,4,5,5,2,5,5,1,3,2,2,1,6327417d9290ff966c09f922
2024-06-14 14:11:57,2024-06-14 14:25:01,0,172.58.144.201,100,783,1,2024-06-14 14:25:01,R_3hG4C55cGldr7Jn,,,,,36.0711,-86.7196,anonymous,EN,55,2,4,1,7,12,39,32,,61,58,68,0,58,67,72,57,45,42,30,28,26,55,24,27,50,46,,50,40,43,100,85,82,100,100,100,58,100,89,73,75,100,100,54,100,100,47,47,49,38,43,49,42,0,68,55,58,68,100,44,71,0,4,2,3,1,3,4,4,1,1,2,4,4,4,4,4,4,4,3,4,2,2,4,4,4,4,3,2,2,3,2,1,663294f21bab6d7c3f7bf27b
2024-06-14 14:11:35,2024-06-14 14:25:13,0,135.135.247.163,100,818,1,2024-06-14 14:25:13,R_3TT378Quoh5w9OL,,,,,43.8152,-87.7689,anonymous,EN,36,1,4,1,7,12,54,58,56,76,91,73,0,66,83,81,90,47,58,100,100,100,100,100,100,19,2,0,16,0,0,100,68,70,73,68,95,61,66,80,77,100,93,100,100,89,100,87,81,73,61,80,95,84,0,100,100,100,100,100,100,100,0,2,4,1,2,2,4,2,1,1,3,3,2,5,4,3,3,2,5,3,2,2,4,4,4,4,2,3,1,2,2,1,62891f0c151d0193dd342f81
2024-06-14 14:12:44,2024-06-14 14:25:22,0,207.174.236.84,100,758,1,2024-06-14 14:25:23,R_62Lj6iBOsOsQIHF,,,,,39.8047,-93.5544,anonymous,EN,38,1,5,1,2,12,82,73,100,90,87,91,0,19,16,2,10,5,0,82,78,88,95,93,100,13,21,,3,11,0,100,81,79,90,88,82,77,82,82,86,87,83,76,61,85,100,90,90,81,90,76,89,83,0,96,87,93,84,95,59,66,0,2,4,2,4,3,4,4,2,2,2,3,3,4,2,4,4,2,3,4,4,3,4,3,4,3,4,2,3,4,3,1,66513dd8b16a4b78f76b4c0b
2024-06-14 14:11:33,2024-06-14 14:25:32,0,104.251.81.53,100,838,1,2024-06-14 14:25:33,R_30NkGxWr43wtF3G,,,,,37.3651,-122.0383,anonymous,EN,56,1,5,2,7,9,80,60,82,62,90,69,0,81,71,87,74,78,67,81,92,73,82,73,63,87,93,92,79,93,75,100,71,88,71,89,76,76,90,84,90,80,88,82,94,73,100,82,72,90,75,89,78,92,0,82,72,87,80,92,81,91,0,4,4,1,1,4,4,1,1,1,4,4,4,4,2,4,4,2,4,4,4,5,5,4,4,4,2,2,4,4,4,1,658374a4743287529deeb16b
2024-06-14 14:11:07,2024-06-14 14:25:42,0,73.80.32.158,100,875,1,2024-06-14 14:25:43,R_3xMWT21FIQMmOit,,,,,39.3762,-75.1617,anonymous,EN,28,2,2,1,1,2,82,63,83,79,94,74,0,69,100,50,54,51,52,8,100,57,91,50,50,56,56,46,47,46,46,100,100,80,100,86,100,7,100,87,100,100,77,80,57,72,100,14,30,53,39,47,0,46,0,100,100,100,100,77,17,88,0,5,5,2,5,5,1,2,5,5,1,2,2,5,4,3,1,1,3,2,5,4,5,4,2,4,5,4,1,1,1,1,64a2f68799cfe91aa4f9da77
2024-06-14 14:11:26,2024-06-14 14:25:47,0,68.104.125.202,100,861,1,2024-06-14 14:25:48,R_378NRtZe93McVaG,,,,,36.2625,-115.1732,anonymous,EN,50,1,4,2,7,12,100,100,100,100,100,100,0,50,50,32,36,35,34,100,100,100,100,100,100,50,50,0,0,0,0,100,62,100,100,100,100,100,100,100,100,100,100,100,100,100,100,73,100,100,100,100,100,100,0,100,100,100,100,100,100,100,0,2,3,1,4,3,4,2,1,2,1,4,2,4,4,4,5,2,5,4,3,1,4,5,5,5,2,3,2,2,2,1,65d306f8b16eb5011ccb2025
2024-06-14 14:10:12,2024-06-14 14:25:49,0,136.29.57.43,100,937,1,2024-06-14 14:25:50,R_1YPRR1Nols1UUwg,,,,,39.7321,-104.9555,anonymous,EN,24,2,4,1,7,6,61,64,74,60,60,70,0,82,70,69,80,70,66,57,75,65,70,66,66,90,60,70,70,60,70,100,34,42,45,40,47,40,40,54,60,60,56,53,41,56,100,41,48,47,35,46,45,44,0,67,59,66,66,62,45,64,0,2,5,3,4,4,2,2,4,4,4,3,4,4,3,4,4,2,3,2,2,5,5,4,4,4,2,2,2,4,2,1,60ddf5abb47cc02285793096
2024-06-14 14:10:45,2024-06-14 14:26:32,0,104.251.81.151,100,946,1,2024-06-14 14:26:32,R_7EgvfmTbdSnQDm8,,,,,37.3651,-122.0383,anonymous,EN,39,1,4,2,7,6,58,70,64,38,81,73,0,26,90,86,87,91,78,100,73,100,99,100,96,88,90,81,81,75,74,100,21,98,94,89,91,86,100,61,74,79,75,81,86,100,100,,82,77,76,92,92,83,0,,87,83,85,85,92,86,0,4,5,1,3,5,4,4,3,2,2,4,4,5,3,5,5,4,5,3,4,3,3,5,5,4,4,,3,1,2,1,6664b0106c4f8ba1febc5a1a
2024-06-14 14:12:38,2024-06-14 14:26:37,0,97.154.193.152,100,839,1,2024-06-14 14:26:38,R_5Lw0YUrQMQW0zzu,,,,,32.972,-96.7914,anonymous,EN,56,1,4,1,7,10,62,55,55,55,71,73,0,66,53,64,59,60,69,73,65,77,73,77,77,72,69,79,71,72,75,100,81,82,81,75,84,82,95,78,80,78,79,74,79,83,100,82,83,88,79,84,86,87,0,80,82,79,84,85,84,91,0,3,4,1,3,3,4,3,2,2,2,4,4,5,4,4,4,2,4,4,2,3,4,4,4,4,3,3,2,1,2,1,5c51d7f198b0ff000110dba8
2024-06-14 14:09:59,2024-06-14 14:26:38,0,73.105.103.78,100,999,1,2024-06-14 14:26:39,R_1plFPkbB0SNxSCC,,,,,30.132,-81.7726,anonymous,EN,35,2,2,2,1,4,10,69,34,67,12,19,0,84,100,100,100,90,100,7,50,0,5,0,0,20,39,0,11,2,0,100,92,100,100,100,100,100,100,92,100,100,100,100,100,100,100,100,100,100,100,100,100,100,0,100,100,100,100,100,100,100,0,5,5,1,5,5,1,1,1,5,1,2,1,5,2,4,1,1,5,1,1,4,5,5,4,5,2,4,1,2,2,1,65d31bc0e3f907e4ffc0693a
2024-06-14 14:19:01,2024-06-14 14:27:23,0,174.218.81.194,100,502,1,2024-06-14 14:27:24,R_5T3UC1Ulz1LMjE5,,,,,33.8718,-118.3369,anonymous,EN,31,1,5,2,7,11,100,100,100,90,100,100,0,100,100,100,90,100,100,100,100,100,90,100,100,100,100,100,90,100,100,100,100,100,100,100,90,90,90,100,100,100,100,90,90,90,100,100,100,100,100,90,90,90,0,100,100,100,100,90,90,90,0,4,5,2,2,3,4,2,2,1,1,4,4,5,5,4,4,2,4,5,4,2,4,4,4,4,2,1,1,2,1,1,66350027a37d96b687525725
2024-06-14 14:11:57,2024-06-14 14:27:25,0,174.206.38.32,100,927,1,2024-06-14 14:27:25,R_3Ecj6xFdIkiPCil,,,,,37.386,-79.2191,anonymous,EN,40,2,3,,,11,96,91,100,90,96,95,0,33,,31,31,32,32,85,89,100,100,94,95,32,28,24,31,25,18,100,95,95,96,100,90,77,93,95,93,97,88,84,81,94,100,80,70,65,81,60,61,60,0,87,87,93,89,84,99,96,0,2,5,2,1,4,3,1,1,1,4,5,5,5,5,4,5,1,5,5,3,1,5,5,5,5,5,3,1,1,4,1,665e2d0a6eba582f0b13ce9b
2024-06-14 14:11:44,2024-06-14 14:27:57,0,174.194.101.193,100,973,1,2024-06-14 14:27:58,R_3NqBzGmCr9UnHZM,,,,,41.9198,-88.1367,anonymous,EN,56,2,4,1,7,12,82,93,100,82,87,100,0,84,58,76,72,50,71,77,83,86,95,73,85,65,50,63,50,50,62,100,87,100,84,89,95,,93,87,89,85,91,82,50,89,100,88,85,87,90,76,50,89,0,91,84,85,88,50,,87,0,2,5,1,2,3,4,3,1,2,3,4,5,5,5,4,3,2,5,4,4,2,5,5,5,4,3,1,2,1,3,1,66329ac03be4f71f70f3d311
2024-06-14 14:09:51,2024-06-14 14:28:29,0,24.88.32.218,100,1117,1,2024-06-14 14:28:29,R_5sKg4zjmzbNqNd7,,,,,35.0837,-80.6646,anonymous,EN,40,2,4,1,1,7,30,20,30,30,40,40,0,80,40,80,40,60,100,70,40,70,40,70,70,79,40,80,40,60,80,100,80,40,80,80,80,40,70,80,40,60,80,60,40,70,100,30,30,30,30,30,30,60,0,80,40,60,80,60,,40,0,5,4,1,5,4,,2,4,4,4,1,2,4,2,4,2,2,4,1,4,4,4,4,2,4,4,4,2,4,2,1,6634fb892af2e227ab65f004
2024-06-14 14:13:58,2024-06-14 14:28:30,0,71.190.209.6,100,872,1,2024-06-14 14:28:31,R_6E3U88Rc6bhaltH,,,,,40.6713,-73.8943,anonymous,EN,42,1,2,2,5,8,59,81,83,53,87,93,0,66,89,87,86,85,26,75,91,84,86,82,23,31,30,24,26,26,19,100,17,18,24,29,29,31,29,22,19,22,22,25,20,20,100,83,86,93,91,84,86,86,0,80,83,84,89,88,86,83,0,4,5,2,1,4,4,1,1,1,1,3,4,5,4,4,4,1,4,4,4,3,5,4,4,5,3,1,1,2,1,1,63f82a4ff43ec144ca3622a8
2024-06-14 14:11:47,2024-06-14 14:28:43,0,67.7.6.75,100,1016,1,2024-06-14 14:28:44,R_5PtdlM7VWCnimt8,,,,,32.1118,-95.3381,anonymous,EN,67,2,2,1,3,5,20,20,20,20,20,20,0,20,20,20,20,20,20,60,60,60,60,60,60,80,60,80,80,60,80,100,95,80,95,95,95,95,95,95,95,95,95,95,95,95,100,95,95,95,95,95,95,95,0,95,95,95,95,95,96,95,0,1,5,4,4,5,4,1,1,1,2,5,5,5,5,4,5,1,5,4,4,2,5,5,5,2,2,1,1,2,4,1,64626b7afedc6a67a08dec52
2024-06-14 14:12:46,2024-06-14 14:29:12,0,108.234.23.100,100,986,1,2024-06-14 14:29:12,R_6fHQZreSAw4pJWs,,,,,32.9636,-96.7468,anonymous,EN,32,1,4,1,7,12,25,30,27,34,31,28,0,52,54,56,44,46,58,43,39,40,45,45,45,54,55,55,59,57,57,100,64,63,63,67,64,65,70,64,65,65,62,63,65,64,100,59,60,59,59,58,59,59,0,72,68,67,67,64,64,63,0,3,5,3,3,2,2,1,4,2,4,3,3,5,4,2,4,2,3,3,4,4,5,3,4,4,2,2,3,1,4,1,5f4f12010c816616c12ab29d
2024-06-14 14:11:54,2024-06-14 14:30:01,0,81.161.7.56,100,1086,1,2024-06-14 14:30:01,R_64hNsPV4ReBVnJr,,,,,40.7662,-74.0178,anonymous,EN,23,1,4,2,6,11,30,20,35,87,40,40,0,30,41,19,80,42,18,61,66,76,91,75,71,10,21,4,36,31,30,100,71,75,79,70,77,85,86,76,80,73,79,72,85,87,100,74,83,76,74,85,74,83,0,80,86,79,76,75,80,86,0,5,5,2,4,5,4,1,2,2,2,4,4,5,5,4,3,2,4,4,5,3,4,4,4,5,3,2,3,1,2,1,6665899df8740e0a2b6798fa
2024-06-14 14:11:10,2024-06-14 14:34:06,0,96.228.21.223,100,1376,1,2024-06-14 14:34:07,R_67TKbPrAqZ3x2Cp,,,,,37.5537,-77.4602,anonymous,EN,21,2,2,1,2,9,85,50,80,80,80,80,0,25,50,30,35,35,35,55,60,70,75,65,65,40,50,45,45,45,50,100,80,75,100,95,100,80,80,90,85,100,80,100,85,85,100,90,90,100,85,100,85,85,0,95,100,100,90,100,90,90,0,2,4,2,4,5,3,2,3,3,2,3,4,4,3,5,4,2,4,3,1,1,5,4,3,5,3,2,3,4,1,1,60fe43d9f9d89a9237395a83
2024-06-14 14:12:18,2024-06-14 14:34:38,0,72.89.72.61,100,1339,1,2024-06-14 14:34:39,R_7A0cPXVwO9h0maN,,,,,40.5795,-73.9889,anonymous,EN,34,2,4,4,7,12,35,39,43,39,40,39,0,72,71,65,58,70,68,28,31,40,41,37,37,64,68,73,69,66,69,100,75,67,61,50,80,65,75,62,65,68,64,63,69,64,100,67,65,61,66,66,73,68,0,60,69,64,64,67,57,70,0,1,4,1,1,1,1,1,1,1,1,5,4,5,5,4,5,1,4,5,3,2,5,5,5,4,1,1,1,5,1,1,62b351e5ffccd9a25a047464
2024-06-14 14:09:37,2024-06-14 14:35:23,0,163.182.90.137,100,1546,1,2024-06-14 14:35:24,R_6MgKYlFLJWNLIXp,,,,,38.942,-84.404,anonymous,EN,30,2,3,1,4,8,5,47,30,6,34,31,0,89,60,76,84,84,94,10,85,55,32,10,11,20,39,9,35,25,13,100,76,61,76,74,84,30,41,85,60,72,85,64,42,43,100,65,57,82,62,68,38,42,0,81,63,78,84,71,44,46,0,4,2,5,4,2,4,2,5,5,2,2,4,3,2,2,2,4,2,2,2,3,4,3,2,4,1,3,1,2,2,1,65e8cf8f4c7424fa062e54a3
2024-06-14 14:20:09,2024-06-14 14:38:20,0,47.206.5.143,100,1091,1,2024-06-14 14:38:21,R_51ildtfABzurW7k,,,,,27.4583,-82.5287,anonymous,EN,56,1,5,2,5,11,100,100,100,14,100,100,0,100,100,100,13,100,100,78,76,76,3,100,100,50,50,50,10,50,50,100,100,100,100,100,100,100,100,100,100,100,100,100,100,100,100,100,100,100,100,100,100,100,0,100,100,100,100,100,100,100,0,2,5,2,2,5,4,2,2,1,1,5,5,5,5,5,5,1,4,4,2,4,5,5,5,5,1,1,2,2,1,1,6476122c3edb0289e7d0efb2
2024-06-14 14:10:55,2024-06-14 14:38:36,0,70.18.46.190,100,1660,1,2024-06-14 14:38:36,R_5qX0GgYaxsmKaRq,,,,,40.9285,-73.8282,anonymous,EN,36,2,4,1,7,10,79,90,100,100,100,100,0,77,100,100,100,86,96,100,100,100,100,100,100,73,18,0,0,22,0,100,91,100,100,83,93,100,100,94,100,100,100,100,100,100,100,80,87,78,74,56,70,77,0,84,100,100,100,100,100,100,0,1,4,1,1,4,4,1,1,1,1,4,4,4,4,4,4,1,4,4,2,3,5,4,4,4,1,1,1,1,2,1,5aa806e7777df200016088c5
2024-06-14 14:17:34,2024-06-14 14:38:54,0,97.189.2.97,100,1280,1,2024-06-14 14:38:55,R_7Sc24YEHd19w1FO,,,,,34.0313,-118.3124,anonymous,EN,31,2,5,2,7,12,80,50,75,80,85,70,0,80,50,60,70,80,70,70,58,70,50,85,70,90,60,50,70,80,70,100,80,50,70,75,80,75,50,80,70,70,75,75,70,50,100,71,50,80,60,75,50,65,0,71,50,80,75,65,50,75,0,4,5,1,2,4,4,2,2,1,3,4,4,5,4,5,3,2,5,4,3,2,4,4,5,4,2,2,1,2,2,1,6575ef5ee4594000e0c8032c
2024-06-14 14:10:08,2024-06-14 14:39:24,0,67.86.190.90,100,1756,1,2024-06-14 14:39:25,R_7lzf7EZ9t8ucPOI,,,,,40.7418,-74.2236,anonymous,EN,50,2,2,6,5,8,100,51,51,50,100,100,0,100,100,100,100,100,100,0,50,0,0,0,0,0,0,0,0,0,0,100,100,100,100,100,100,50,100,100,100,100,100,100,50,100,100,50,0,0,0,0,0,0,0,100,100,100,100,100,0,0,0,2,5,2,4,5,4,4,2,4,1,3,4,4,3,5,4,4,2,4,2,4,5,5,4,4,4,4,1,3,1,1,6391e7dac077ff16de26d753
2024-06-14 14:13:42,2024-06-14 14:39:43,0,47.134.36.28,100,1560,1,2024-06-14 14:39:43,R_1lrxj4LBnq1bQ26,,,,,36.7328,-76.5898,anonymous,EN,42,2,4,2,7,11,86,73,89,85,88,86,0,7,13,4,3,7,8,89,86,86,90,88,89,9,10,10,13,14,14,100,90,90,87,89,86,93,90,92,91,89,86,86,90,87,100,91,89,88,93,90,91,92,0,96,93,91,92,90,89,92,0,5,5,1,5,5,5,5,1,5,2,2,2,5,2,5,2,5,5,3,1,1,5,5,5,5,5,5,1,5,1,1,6664620bfab50b148a76971c
2024-06-14 14:23:28,2024-06-14 14:41:12,0,104.223.104.223,100,1063,1,2024-06-14 14:41:13,R_7MRlX8bvdWToOIw,,,,,32.8137,-96.8704,anonymous,EN,39,1,4,2,7,5,30,40,20,55,30,0,0,40,40,40,45,45,10,45,45,45,45,40,20,60,60,55,70,60,60,100,80,80,70,80,60,72,73,81,79,80,79,66,74,75,100,82,84,76,76,65,77,80,0,84,86,76,84,73,77,76,0,5,5,2,4,3,3,1,4,2,3,4,3,5,3,2,2,4,4,3,4,4,5,4,4,4,4,4,4,4,4,2,6668fd75b5b602c2f510599a
2024-06-14 14:10:13,2024-06-14 14:41:54,0,173.79.87.118,100,1900,1,2024-06-14 14:41:54,R_7NCzseCiVyuYzyx,,,,,38.8116,-76.9877,anonymous,EN,47,2,2,2,7,7,9,50,6,50,11,9,0,50,50,67,63,50,64,0,18,2,1,2,3,69,50,69,66,65,68,100,85,82,90,96,54,51,55,65,59,65,62,50,54,55,100,63,64,64,62,50,52,52,0,66,67,81,69,50,55,63,0,5,4,3,4,3,1,2,3,5,4,2,4,3,2,3,1,2,3,2,3,4,4,3,2,4,5,2,3,4,3,1,5dedab1d73f2e946839efa14
2024-06-14 14:25:36,2024-06-14 14:43:20,0,75.162.221.105,100,1064,1,2024-06-14 14:43:21,R_3EikmX3SovusUZz,,,,,41.6073,-93.5308,anonymous,EN,28,2,2,1,1,10,90,70,70,30,90,100,0,100,100,100,100,100,100,70,55,70,55,55,65,60,55,60,52,55,55,100,100,100,100,100,100,100,100,100,75,100,100,100,100,100,100,100,75,100,100,100,100,100,0,100,75,100,100,100,100,100,0,4,5,4,5,5,1,1,5,3,1,4,2,5,5,5,5,1,2,2,1,4,5,5,2,4,2,4,2,2,1,2,664decb8e9c4c9c4c3359ac8
2024-06-14 14:15:39,2024-06-14 14:43:36,0,102.88.70.88,100,1676,1,2024-06-14 14:43:36,R_5MhhbSb44j0izY7,,,,,6.4474,3.3903,anonymous,EN,59,1,5,2,7,11,75,70,65,65,64,63,0,30,32,33,31,30,21,68,68,66,72,66,63,63,70,60,67,72,66,68,70,73,68,64,66,63,68,78,74,75,68,71,70,69,100,77,74,73,73,76,75,72,0,71,74,79,68,70,67,71,0,5,5,1,2,5,4,2,2,1,3,5,4,4,5,4,4,2,5,4,4,3,5,4,4,5,2,1,1,3,2,1,6479ef255eeda61e229715e4
2024-06-14 14:11:36,2024-06-14 14:45:36,0,97.80.112.160,100,2039,1,2024-06-14 14:45:36,R_7LaTev7H3ITpDLE,,,,,42.2735,-72.407,anonymous,EN,40,1,4,1,7,12,58,82,91,76,90,85,0,88,88,95,86,75,84,31,64,20,33,18,7,10,67,15,32,27,8,100,84,91,84,91,71,58,77,78,88,80,76,66,71,84,100,57,72,67,76,76,79,86,0,74,84,78,71,80,81,87,0,5,2,4,1,4,4,4,4,2,2,3,4,5,5,2,2,4,2,4,4,4,3,2,5,3,2,3,4,1,3,1,66622736b3fcb6b8f3c04fdd
2024-06-14 14:12:45,2024-06-14 14:51:47,0,81.161.4.130,100,2342,1,2024-06-14 14:51:47,R_5I4bEJABnEqkcX6,,,,,40.7662,-74.0178,anonymous,EN,51,1,4,2,7,8,50,58,64,68,50,50,50,68,69,60,50,61,63,68,66,50,50,60,43,50,58,50,59,50,50,100,50,45,63,50,50,50,69,62,44,55,50,62,50,62,100,67,71,50,50,50,61,70,0,50,60,50,50,65,76,58,0,4,4,2,2,3,5,3,1,1,1,5,4,5,5,5,5,1,5,5,2,5,5,5,5,5,1,2,1,1,3,1,65afc9b8f4eca8d20e33c1bc
2024-06-14 14:13:25,2024-06-14 14:52:03,0,81.161.4.41,100,2318,1,2024-06-14 14:52:04,R_5LhtpyUq5ErkXOt,,,,,40.7662,-74.0178,anonymous,EN,51,1,4,2,7,8,63,61,50,61,57,62,0,64,50,63,50,38,60,50,50,50,50,50,50,50,63,50,54,49,57,100,50,62,46,85,50,50,66,61,68,77,43,71,61,71,75,65,50,59,66,63,63,50,0,50,60,50,81,68,68,50,0,4,4,2,2,3,4,2,2,1,2,4,3,5,5,5,4,2,5,5,2,5,5,5,5,5,2,2,2,1,1,1,65aead8916eb9b7185ed25f3
2024-06-14 16:53:37,2024-06-14 16:57:12,0,24.140.54.234,100,215,1,2024-06-14 16:57:13,R_3Rexh8Zwc37e11E,,,,,40.8133,-81.4971,anonymous,EN,40,1,4,1,5,8,20,30,20,15,20,15,0,84,79,79,85,81,82,55,46,53,53,59,55,18,12,24,18,13,20,100,14,21,18,22,14,46,35,27,20,30,27,46,43,36,100,20,36,31,20,43,40,39,0,21,38,32,29,36,29,30,0,2,2,3,1,3,3,4,2,1,2,3,3,4,5,4,,3,3,5,3,3,4,4,4,4,3,2,2,1,3,1,5a2adf6a8e00a000019864fb
2024-06-14 16:53:17,2024-06-14 16:58:58,0,24.243.60.117,100,340,1,2024-06-14 16:58:58,R_6RrjJp1xkDD1l4Z,,,,,32.8785,-96.7477,anonymous,EN,33,2,4,2,7,5,85,88,91,100,100,98,0,8,45,0,0,0,0,99,89,100,94,100,100,92,90,97,96,95,100,100,94,100,100,100,67,65,100,95,94,100,100,89,100,100,100,100,100,100,100,84,91,100,0,95,90,91,93,93,100,100,0,2,3,4,5,5,2,4,5,5,3,1,1,4,2,5,1,4,2,1,1,4,3,5,3,5,5,5,4,4,1,1,666667f3e900925d27fe40d7
2024-06-14 16:52:59,2024-06-14 17:01:07,0,68.2.83.228,100,487,1,2024-06-14 17:01:07,R_3jU1ANahIbivzU9,,,,,33.7001,-111.8877,anonymous,EN,60,1,4,1,7,12,31,37,11,18,13,19,0,88,61,66,64,80,89,27,26,14,24,14,23,12,12,14,5,0,0,100,19,27,50,50,54,34,13,78,78,94,81,70,78,64,100,46,47,46,44,44,47,45,0,68,68,73,74,71,79,63,0,2,4,3,2,4,4,4,4,1,3,4,2,5,5,5,5,1,3,4,3,1,4,5,5,5,1,3,1,2,2,1,63c0e1b1ee5ca75f61e3b2e1
2024-06-14 16:53:34,2024-06-14 17:01:24,0,71.84.188.231,100,469,1,2024-06-14 17:01:25,R_61tZ6uFsLzgJwJ7,,,,,46.6764,-120.5351,anonymous,EN,47,1,4,6,5,2,80,25,44,10,24,45,0,71,79,85,83,61,88,9,42,8,3,38,2,53,53,77,66,65,64,100,51,52,66,60,52,16,53,59,61,53,64,55,10,63,100,18,45,48,32,44,10,49,0,51,51,53,54,52,11,51,0,3,4,1,3,5,4,1,1,4,1,2,3,5,5,5,3,2,3,3,1,1,5,5,5,5,1,1,1,1,1,1,5d4a6459061e2a000138bad3
2024-06-14 16:53:00,2024-06-14 17:02:24,0,73.41.38.65,100,564,1,2024-06-14 17:02:25,R_5gpiHCl04slsGJj,,,,,37.9186,-121.3132,anonymous,EN,34,2,5,1,7,10,89,93,91,100,100,77,0,30,66,18,40,18,33,75,84,88,97,76,82,79,83,93,74,73,74,100,81,70,85,60,81,14,83,73,69,73,67,81,35,78,100,61,60,31,36,65,32,44,0,78,79,89,92,99,52,78,0,4,5,4,4,4,2,1,4,4,2,3,5,5,4,4,2,1,2,2,2,4,5,4,2,2,4,2,2,2,2,1,5fb54678abd965015f4ae7b7
2024-06-14 16:53:27,2024-06-14 17:02:46,0,24.125.60.79,100,559,1,2024-06-14 17:02:46,R_1fq7bXxNJnLWGwF,,,,,34.111,-84.3025,anonymous,EN,34,1,4,1,7,5,65,78,60,79,67,80,0,30,64,73,26,68,59,67,32,76,32,76,84,81,65,23,72,38,74,100,77,32,65,75,24,69,27,72,33,71,38,74,63,84,100,30,73,33,67,82,31,70,0,75,68,21,73,32,65,73,0,2,4,2,3,2,4,3,2,2,4,5,4,3,2,3,4,2,3,4,3,2,3,4,4,3,2,3,2,4,3,1,62b473736986d2b27c1427d2
2024-06-14 16:53:30,2024-06-14 17:02:50,0,172.58.182.206,100,560,1,2024-06-14 17:02:51,R_6edZPwSRhx7sanN,,,,,32.7797,-96.8022,anonymous,EN,27,2,4,2,1,1,93,61,84,84,87,88,0,77,91,94,73,82,79,9,27,21,60,60,50,28,63,33,64,36,37,100,81,91,82,86,89,89,88,86,87,90,87,93,93,84,100,100,98,93,95,96,93,90,0,98,85,90,89,91,97,100,0,4,4,3,5,4,4,4,4,5,2,3,2,4,3,4,4,3,3,3,2,2,4,4,4,5,3,3,3,4,2,1,60a062ed4c4334abbbf32323
2024-06-14 16:54:40,2024-06-14 17:03:23,0,172.58.207.91,100,523,1,2024-06-14 17:03:24,R_5mn0Fm4k4NgqBTc,,,,,39.981,-75.1699,anonymous,EN,30,2,2,1,6,5,10,40,20,0,0,0,0,50,100,80,65,91,100,90,100,100,0,0,100,30,65,9,1,0,0,100,83,50,52,70,50,50,63,82,100,82,100,0,0,88,100,50,50,58,67,0,0,58,0,60,83,100,85,0,0,66,0,1,5,1,1,4,1,1,1,1,3,3,4,5,5,1,5,1,1,5,2,4,5,5,5,4,1,1,1,1,4,1,5f3ac1732efa0a74f975b1a8
2024-06-14 16:54:01,2024-06-14 17:08:45,0,216.138.34.231,100,883,1,2024-06-14 17:08:46,R_35HhM73MXhiVE8e,,,,,39.9311,-91.3761,anonymous,EN,53,2,2,1,4,6,0,0,0,0,0,0,0,20,61,20,60,10,1,0,0,0,0,0,0,100,100,100,100,100,100,100,100,100,100,100,100,100,100,100,97,100,100,100,100,100,100,100,100,100,100,100,100,100,0,100,100,100,100,100,100,100,0,4,5,1,4,4,1,2,1,4,2,2,4,4,4,4,2,1,5,4,2,4,5,5,2,4,2,1,1,1,2,1,648343299ec8050d10aee27d
2024-06-14 16:54:02,2024-06-14 17:08:48,0,107.221.220.81,100,886,1,2024-06-14 17:08:49,R_5sApROSgfkzvyq8,,,,,27.9697,-80.6486,anonymous,EN,55,2,5,2,9,11,82,78,90,94,97,100,0,86,82,86,90,93,97,91,85,92,100,100,100,30,15,10,10,6,0,100,91,93,95,98,98,99,99,92,92,95,97,99,99,98,100,93,95,96,97,100,99,98,0,92,95,93,96,99,99,95,0,4,5,2,2,5,4,1,1,1,1,4,5,4,5,4,4,1,4,5,1,2,5,5,5,4,2,2,2,1,1,1,6601b51675d287d6a62f11c4
2024-06-14 17:02:49,2024-06-14 17:11:56,0,70.141.255.84,100,546,1,2024-06-14 17:11:56,R_7K6J83P7xpMy5c5,,,,,31.6807,-84.156,anonymous,EN,51,2,3,1,6,3,60,70,100,100,100,100,0,100,80,75,90,70,50,90,85,95,50,95,100,20,35,15,25,25,20,100,100,95,65,85,100,95,100,100,100,100,95,100,99,100,100,100,100,100,100,100,98,100,0,100,100,100,99,100,99,100,0,2,5,1,3,4,3,1,1,1,2,4,3,4,4,4,5,1,5,4,2,3,5,5,5,4,1,2,3,2,2,1,5daf506a5bd1b30013605e31
2024-06-14 16:55:12,2024-06-14 17:12:00,0,71.161.197.46,100,1007,1,2024-06-14 17:12:00,R_75MYdMawhhTs8nL,,,,,42.991,-71.4891,anonymous,EN,43,1,5,2,7,12,87,86,86,82,83,82,0,72,72,72,76,75,77,91,83,86,86,87,90,76,74,77,75,77,79,100,92,92,90,93,91,93,94,80,84,87,86,84,87,87,100,85,84,88,88,86,87,89,0,92,84,87,86,83,87,83,0,3,5,1,4,5,5,4,2,1,2,5,5,5,5,5,5,2,5,5,4,3,5,5,5,4,4,3,2,2,2,1,656f2e99bd2939f9b3f9d090
2024-06-14 16:59:01,2024-06-14 17:19:58,0,102.88.84.212,100,1257,1,2024-06-14 17:19:59,R_2PuZ1NROPVzv2N2,,,,,6.4474,3.3903,anonymous,EN,43,2,5,2,7,8,99,90,100,100,100,100,0,20,50,10,10,10,0,80,50,70,60,90,80,31,50,40,30,25,25,100,80,40,80,90,100,100,100,100,100,100,100,100,100,100,100,90,100,100,85,100,100,100,0,80,60,100,99,100,100,100,0,2,5,1,1,5,4,1,1,1,5,5,4,5,5,5,4,1,5,5,5,1,4,5,5,5,1,1,1,3,4,1,6658822c0f5b1367a1585ee1
